Periodo,inpc,inpc-1,inpc-2,inpc-3,inpc-4,inpc-5,inpc-6,inpc-7,inpc-8,inpc-9,inpc-10,inpc-11,inpc-12,suby-1,suby-2,suby-3,suby-4,suby-5,suby-6,suby-7,suby-8,suby-9,suby-10,suby-11,suby-12,ipp,act_enom_global,actividades_primarias,actividad_industrial,vol_fisico_constr,actividades_terciarias,inversion_fija_bruta,desocupacion_urbana,tend_empleo_manuf,asegurados_perms_imss,expectativa_personal_ocupado,imports_totales,imports_n_petroleras,exports_petroleras,exports_n_petroleras,precio_prom_crudo,tasa_interbancaria_eq,cetes_28,tasa_fondeo_gub,tipo_cambio_nominal,tipo_cambio_real_multi,indice_bmv,reservas_internacionales,confianza_empresarial,indicador_agregado_tend,indicador_pedidos_manuf,confianza_consumidor,expectativa_uso_pye,expectativa_inventarios_insumos,indice_prod_ind_eua,prod_manuf_eua,comercio_pmenor_eua,desempleo_eua,tasa_bonos_tesoro_eua,sp500,dow_jones,confianza_consumidor_eua
2005/02,0.0033,0,0.0021,0.0085,0.0069,0.0083,0.0062,0.0026,0.0016,-0.0025,0.0015,0.0034,0.006,0.0037,0.0028,0.0024,0.0029,0.0057,0.0028,0.0017,0.0027,0.0023,0.0033,0.0037,0.0045,0.003080168,-0.051066356,-0.135843678,-0.012348831,-0.05465149,-0.070634415,-0.116879175,4.679868776,6,11383276,50.694,15271.701,14239.296,1985.953,12139.285,31.69,8.97,8.6,8.55,0.004067797,-0.000719502,0.01383931,685653.092,53.387,55.272,52.722,41.71213192,53.64,49.331,0.002506981,0.00126117,263469,5.7,4.22,-0.014843105,-0.027178531,-0.016477858
2005/03,0.0045,0.0033,0,0.0021,0.0085,0.0069,0.0083,0.0062,0.0026,0.0016,-0.0025,0.0015,0.0034,0.0039,0.0037,0.0028,0.0024,0.0029,0.0057,0.0028,0.0017,0.0027,0.0023,0.0033,0.0037,0.003697761,-0.009658492,-0.108243408,-0.012539475,-0.000855445,-0.001176503,-0.026120366,5.155549927,-1,11425741,51.652,15984.672,14808.761,2027.295,13384.371,33.69,9.47,9.15,8.88,-0.009364228,-0.015339106,0.049365795,692600.46,54.173,54.061,51.734,42.01947719,44.34,51.857,0.012106069,0.026665586,265320,5.8,4.17,0.01542225,0.026338776,-0.014659686
2005/04,0.0036,0.0045,0.0033,0,0.0021,0.0085,0.0069,0.0083,0.0062,0.0026,0.0016,-0.0025,0.0015,0.0029,0.0039,0.0037,0.0028,0.0024,0.0029,0.0057,0.0028,0.0017,0.0027,0.0023,0.0033,0.003776012,0.029570029,-0.118496537,0.032959329,0.026343065,0.035885768,0.051659579,4.904315447,1,11462385,51.48,17515.654,16273.234,2477.13,14880.725,38.43,9.78,9.41,9.05,-0.001578447,0.004648481,-0.084806922,689515.101,54.356,56.989,53.576,43.22258466,45.755,48.489,0.005508437,0.008358277,306384,5.4,4.5,-0.003942882,-0.024379363,-0.015940489
2005/05,-0.0025,0.0036,0.0045,0.0033,0,0.0021,0.0085,0.0069,0.0083,0.0062,0.0026,0.0016,-0.0025,0.0019,0.0029,0.0039,0.0037,0.0028,0.0024,0.0029,0.0057,0.0028,0.0017,0.0027,0.0023,0.002214981,0.041441002,0.079641838,0.038010643,0.020198732,0.041909688,0.029455078,4.26701316,1,11486497,52.494,18013.423,16689.792,2429.087,14949.701,39.86,10.01,9.63,9.3,-0.000574888,-0.01074197,-0.031367413,690132.331,54.727,63.628,56.872,42.86217349,57.893,53.139,-0.007899285,0.000126822,302054,4.9,4.34,-0.025341033,-0.029631714,-0.052915767
2005/06,-0.001,-0.0025,0.0036,0.0045,0.0033,0,0.0021,0.0085,0.0069,0.0083,0.0062,0.0026,0.0016,0.0019,0.0019,0.0029,0.0039,0.0037,0.0028,0.0024,0.0029,0.0057,0.0028,0.0017,0.0027,0.000273978,-0.001609035,0.126079659,-0.025680191,-0.058363737,0.008377642,-0.051846465,4.706970674,-3,11546499,50.511,18269.939,17183.1,2582.799,15697.941,40.05,10.12,9.75,9.4,-0.01206162,-0.016109535,0.054698727,672912.472,54.953,59.801,54.979,41.12419878,58.3,53.617,0.003154635,0.00319491,311292,4.9,4.14,0.011729148,0.026976866,-0.009122007
2005/07,0.0039,-0.001,-0.0025,0.0036,0.0045,0.0033,0,0.0021,0.0085,0.0069,0.0083,0.0062,0.0026,0.0024,0.0019,0.0019,0.0029,0.0039,0.0037,0.0028,0.0024,0.0029,0.0057,0.0028,0.0017,-0.000209992,-0.012647229,-0.027031368,-0.007414846,0.002291226,-0.015299738,0.005657498,4.514151476,-8,11565924,49.793,18371.338,17274.977,2708.949,15608.558,44.68,10.01,9.63,9.34,-0.01437409,-0.030925576,0.041243552,660811.629,54.201,55.787,53.324,40.65395042,55.646,49.241,0.034491722,0.026727089,317375,5.2,4,0.020351699,-0.018390585,0.104718067
2005/08,0.0012,0.0039,-0.001,-0.0025,0.0036,0.0045,0.0033,0,0.0021,0.0085,0.0069,0.0083,0.0062,0.0021,0.0024,0.0019,0.0019,0.0029,0.0039,0.0037,0.0028,0.0024,0.0029,0.0057,0.0028,0.006958586,-0.025351501,0.076664534,-0.019846796,0.023650505,-0.034852239,0.021283983,5.287485717,-11,11572691,51.035,17097.93,15837.105,2758.055,13618.526,46.56,10.01,9.61,9.33,-0.013005354,-0.024807117,0.064314555,665624.776,53.592,56.763,52.797,41.05583073,51.394,48.286,-0.037137384,-0.059885083,316887,5.2,4.18,0.016618701,0.035614202,0.005208333
2005/09,0.004,0.0012,0.0039,-0.001,-0.0025,0.0036,0.0045,0.0033,0,0.0021,0.0085,0.0069,0.0083,0.0014,0.0021,0.0024,0.0019,0.0019,0.0029,0.0039,0.0037,0.0028,0.0024,0.0029,0.0057,-5.44E-05,0.031371539,-0.19941742,0.051665439,0.025824798,0.032208567,0.050314951,5.084930199,3,11623923,51.976,20135.931,18811.709,3067.983,16431.387,50.34,9.98,9.6,9.29,-0.002132216,0.010889823,-0.012731588,629242.457,53.986,51.158,49.728,41.12540408,51.013,50.418,0.036649502,0.050163436,321409,4.9,4.26,0.001660885,-0.014970933,-0.076683938
2005/10,0.0025,0.004,0.0012,0.0039,-0.001,-0.0025,0.0036,0.0045,0.0033,0,0.0021,0.0085,0.0069,0.0048,0.0014,0.0021,0.0024,0.0019,0.0019,0.0029,0.0039,0.0037,0.0028,0.0024,0.0029,0.002058752,0.007665159,-0.085643154,0.018863813,0.048475577,0.004490692,-0.007259833,4.665330759,-6,11704822,50.904,18637.505,17277.59,2909.76,15397.635,50.97,9.65,9.21,9.09,0.010196527,0.012097525,0.127256708,657477.735,53.187,58.854,52.568,40.30823587,49.174,50.147,-0.024050499,-0.00250858,300439,4.8,4.2,0.001339574,0.008309408,-0.136924804
2005/11,0.0072,0.0025,0.004,0.0012,0.0039,-0.001,-0.0025,0.0036,0.0045,0.0033,0,0.0021,0.0085,0.0024,0.0048,0.0014,0.0021,0.0024,0.0019,0.0019,0.0029,0.0039,0.0037,0.0028,0.0024,0.004923612,-0.001631254,0.064242663,-0.006086061,-0.044315873,-0.001449697,-0.002580757,4.246385042,2,11776414,51.745,20239.609,18464.055,3144.437,16415.673,48.01,9.41,8.91,8.97,0.004833428,-0.009675261,-0.024747855,678045.722,53.619,54.357,52.293,41.70896378,45.106,51.445,0.001024792,0.010255864,302213,4.6,4.46,-0.027693713,-0.01217094,-0.035110533
2005/12,0.0061,0.0072,0.0025,0.004,0.0012,0.0039,-0.001,-0.0025,0.0036,0.0045,0.0033,0,0.0021,0.0021,0.0024,0.0048,0.0014,0.0021,0.0024,0.0019,0.0019,0.0029,0.0039,0.0037,0.0028,0.003809713,0.016238906,0.438034182,-0.025402106,-0.00733527,0.025253485,0.104400833,3.996302615,-2,11853512,50.115,21680.554,19637.626,2869.27,17354.773,43.76,9.17,8.71,8.67,-0.013008716,-0.035471136,0.060341002,702634.823,54.152,63.449,57.031,41.97155084,65.741,47.522,-0.002380377,-0.008565327,311715,4.8,4.54,0.038096916,0.03503822,0.099730458
2006/01,0.0059,0.0061,0.0072,0.0025,0.004,0.0012,0.0039,-0.001,-0.0025,0.0036,0.0045,0.0033,0,0.0028,0.0021,0.0024,0.0048,0.0014,0.0021,0.0024,0.0019,0.0019,0.0029,0.0039,0.0037,0.004055448,0.01046474,-0.033482547,0.018038849,0.105069344,0.008366529,0.046700582,3.527553947,-12,11684599,49.913,20601.27,18928.578,2927.854,16465.81,45.09,8.72,8.22,8.15,-0.006566701,-0.009064826,0.051278546,708790.097,54.927,55.074,52.76,42.10501353,41.207,52.057,0.005411344,-0.01485457,370726,4.6,4.47,0.019961693,-0.008177838,0.121323529
2006/02,0.0015,0.0059,0.0061,0.0072,0.0025,0.004,0.0012,0.0039,-0.001,-0.0025,0.0036,0.0045,0.0033,0.0022,0.0028,0.0021,0.0024,0.0048,0.0014,0.0021,0.0024,0.0019,0.0019,0.0029,0.0039,0.007095177,-0.022520234,0.013774927,-0.006302857,-0.104188954,-0.03575678,-0.127434538,4.469238788,-4,11739082,50.828,18512.184,17224.5,3487.585,15718.883,50.18,8.41,7.88,8.06,-0.004915208,0.005294461,0.055843373,730252.911,54.895,51.106,49.404,44.33279154,49.432,49.085,-0.006663794,-0.002414113,286152,5.1,4.42,0.013192612,0.01374958,-0.003278689
2006/03,0.0013,0.0015,0.0059,0.0061,0.0072,0.0025,0.004,0.0012,0.0039,-0.001,-0.0025,0.0036,0.0045,0.0033,0.0022,0.0028,0.0021,0.0024,0.0048,0.0014,0.0021,0.0024,0.0019,0.0019,0.0029,0.003806532,-0.031009599,-0.194514864,-0.026536239,0.025287653,-0.023063449,-0.028892425,4.92921001,0,11791681,51.492,18498.72,16986.686,2926.637,15802.625,48.8,7.97,7.61,7.56,-0.008194627,-0.015490782,-0.012130866,702889.536,55.818,58.401,53.231,43.9414984,54.183,50.683,0.007928225,0.015802633,282417,5.1,4.57,-0.001618806,0.011831791,-0.049342105
2006/04,0.0015,0.0013,0.0015,0.0059,0.0061,0.0072,0.0025,0.004,0.0012,0.0039,-0.001,-0.0025,0.0036,0.004,0.0033,0.0022,0.0028,0.0021,0.0024,0.0048,0.0014,0.0021,0.0024,0.0019,0.0019,0.004163352,0.068077915,-0.107757772,0.089515428,0.077044786,0.063070227,0.113953281,4.239844379,6,11885696,52.361,21108.414,19291.594,3541.991,17374.672,51.37,7.68,7.37,7.15,0.021447721,0.026351292,0.028982689,703994.893,54.959,50.404,50.843,43.91002077,34.292,52.284,0.013612995,0.018610135,326153,4.8,4.72,0.013386598,0.010543024,0.025374856
2006/05,-0.0045,0.0015,0.0013,0.0015,0.0059,0.0061,0.0072,0.0025,0.004,0.0012,0.0039,-0.001,-0.0025,0.0034,0.004,0.0033,0.0022,0.0028,0.0021,0.0024,0.0048,0.0014,0.0021,0.0024,0.0019,0.008424222,-0.028871261,0.116452953,-0.04515681,-0.023940009,-0.024140839,-0.052336248,4.130206547,-2,11894950,52.051,19503.224,17956.744,3510.821,16249.755,57.09,7.51,7.17,6.91,0.029375776,0.043024103,0.069701572,735170.948,56.527,67.486,60.365,45.60288109,75.124,53.317,-0.019484287,-0.017493407,316526,4.5,4.99,0.006523722,0.023207724,-0.016872891
2006/06,0.0009,-0.0045,0.0015,0.0013,0.0015,0.0059,0.0061,0.0072,0.0025,0.004,0.0012,0.0039,-0.001,0.0014,0.0034,0.004,0.0033,0.0022,0.0028,0.0021,0.0024,0.0048,0.0014,0.0021,0.0024,0.011295588,0.059548724,0.158201409,0.032288649,-0.018803219,0.07314715,0.022768427,3.886812536,10,11981859,52.323,22793.631,20887.67,3628.443,19081.629,56.77,7.32,7.02,6.73,0.005008802,0.037744016,-0.091287938,783102.48,56.928,55.771,51.318,44.78543589,61.011,52.498,0.014596186,0.013204087,337393,4.4,5.11,-0.009353546,-0.017491603,-0.094965675
2006/07,0.0027,0.0009,-0.0045,0.0015,0.0013,0.0015,0.0059,0.0061,0.0072,0.0025,0.004,0.0012,0.0039,0.003,0.0014,0.0034,0.004,0.0033,0.0022,0.0028,0.0021,0.0024,0.0048,0.0014,0.0021,0.006396092,-0.0134014,0.091485408,-0.007505765,-0.012283119,-0.023382624,-0.014786433,4.57958703,7,12026685,51.434,21634.773,19901.455,3400.323,17908.744,55.67,7.33,7.02,6.78,0.028043121,0.018857489,0.024238758,854232.377,55.9,63.646,57.626,44.65080419,63.15,54.046,0.034441137,0.028057981,330844,4.8,5.11,-0.028589147,-0.001619758,0.073324905
2006/08,0.0051,0.0027,0.0009,-0.0045,0.0015,0.0013,0.0015,0.0059,0.0061,0.0072,0.0025,0.004,0.0012,0.0026,0.003,0.0014,0.0034,0.004,0.0033,0.0022,0.0028,0.0021,0.0024,0.0048,0.0014,0.005514911,-0.031684177,-0.110927069,-0.00610484,0.055171781,-0.043885708,0.035240806,5.450958158,4,12074013,51.635,20188.733,18540.831,3344.293,16481.51,59.43,7.31,7.03,6.85,-0.031581536,-0.0343377,0.046680711,887611.803,55.935,57.97,51.893,44.23393375,54.187,48.34,-0.03010312,-0.054262113,325905,5,5.09,0.005681818,0.003180164,-0.002355713
2006/09,0.0101,0.0051,0.0027,0.0009,-0.0045,0.0015,0.0013,0.0015,0.0059,0.0061,0.0072,0.0025,0.004,0.0017,0.0026,0.003,0.0014,0.0034,0.004,0.0033,0.0022,0.0028,0.0021,0.0024,0.0048,0.004094306,0.021942943,-0.205122987,0.030251351,0.045742278,0.029718736,0.045471726,4.789625682,4,12102989,50.904,23601.996,21643.222,3796.806,19025.969,60.15,7.3,7.03,6.88,-0.013866217,-0.010949086,0.042125384,847503.607,57.669,49.753,49.367,44.86740553,42.051,48.347,0.034451177,0.048991828,339155,4.6,4.88,0.014663874,0.017474811,-0.031877214
2006/10,0.0044,0.0101,0.0051,0.0027,0.0009,-0.0045,0.0015,0.0013,0.0015,0.0059,0.0061,0.0072,0.0025,0.0055,0.0017,0.0026,0.003,0.0014,0.0034,0.004,0.0033,0.0022,0.0028,0.0021,0.0024,0.002956268,-0.003008574,-0.059951061,0.002758409,0.033689946,-0.004431472,-0.007724425,5.132762969,1,12182509,50.398,21971.992,20156.681,2986.435,17504.896,51.3,7.31,7.06,6.96,0.009039995,-0.0057081,0.031759544,718180.596,56.841,57.173,55.822,45.0382608,47.384,52.329,-0.009758932,0.00809972,310775,4.4,4.72,0.030569632,0.026176979,0.041463415
2006/11,0.0052,0.0044,0.0101,0.0051,0.0027,0.0009,-0.0045,0.0015,0.0013,0.0015,0.0059,0.0061,0.0072,0.0023,0.0055,0.0017,0.0026,0.003,0.0014,0.0034,0.004,0.0033,0.0022,0.0028,0.0021,-0.001651647,0.016598127,0.224186443,0.003734891,-0.034949283,0.016641931,0.001130858,4.683968617,4,12259753,49.743,24503.313,22976.743,2873.927,20311.853,48.51,7.31,7.05,6.95,-0.004748364,-0.015566379,0.046018801,739891.053,57.436,52.088,51.931,45.06037442,46.773,50.862,-0.012371633,-0.009321908,312976,4.1,4.73,0.034580099,0.034391534,0.096018735
2006/12,0.0058,0.0052,0.0044,0.0101,0.0051,0.0027,0.0009,-0.0045,0.0015,0.0013,0.0015,0.0059,0.0061,0.0026,0.0023,0.0055,0.0017,0.0026,0.003,0.0014,0.0034,0.004,0.0033,0.0022,0.0028,0.00286759,-0.00956576,0.254872584,-0.04051982,-0.039857718,-0.001819467,0.058923232,4.539528905,-5,12347123,49.631,22466.444,21087.281,2892.406,17961.834,47.66,7.3,7.04,6.98,-0.002316829,0.003288617,0.077440695,740186.289,56.176,60.041,56.863,44.30164819,55.838,53.28,-0.011954955,-0.014854912,323089,4.3,4.6,0.018520148,0.011687635,-0.016025641
2007/01,0.0052,0.0058,0.0052,0.0044,0.0101,0.0051,0.0027,0.0009,-0.0045,0.0015,0.0013,0.0015,0.0059,0.004,0.0026,0.0023,0.0055,0.0017,0.0026,0.003,0.0014,0.0034,0.004,0.0033,0.0022,0.003544629,-0.00244094,0.125093333,-0.021044317,0.091254096,0.001635742,0.031358285,3.995180623,-14,12162964,48.417,21274.928,19767.918,2627.182,17485.926,49.63,7.34,7.04,7.04,-0.00273525,0.005363608,0.053449076,764790.181,56.384,52.642,51.527,43.18828967,46.159,51.616,0.010190128,-0.000529893,380188,4.3,4.56,0.02001253,0.019736497,-0.004343105
2007/02,0.0028,0.0052,0.0058,0.0052,0.0044,0.0101,0.0051,0.0027,0.0009,-0.0045,0.0015,0.0013,0.0015,0.0046,0.004,0.0026,0.0023,0.0055,0.0017,0.0026,0.003,0.0014,0.0034,0.004,0.0033,0.00235193,-0.019716259,-0.174317954,0.012893312,-0.125445086,-0.029668066,-0.142499922,5.115867338,-5,12233127,50.264,20676.876,18894.401,2616.795,16382.561,44.4,7.41,7.04,6.98,0.006387483,-0.008856391,0.036734128,731725.434,57.935,50.985,50.197,44.78707406,49.972,45.396,-0.011602246,-0.017126919,295284,5,4.76,0.005464481,0.01272088,0.056706652
2007/03,0.0022,0.0028,0.0052,0.0058,0.0052,0.0044,0.0101,0.0051,0.0027,0.0009,-0.0045,0.0015,0.0013,0.0038,0.0046,0.004,0.0026,0.0023,0.0055,0.0017,0.0026,0.003,0.0014,0.0034,0.004,0.004802153,-0.03150853,-0.099311473,-0.024126058,0.04415869,-0.03228707,-0.002071326,5.162207397,4,12294330,50.505,20007.377,18462.92,2801.28,16807.55,48.35,7.46,7.04,6.96,0.004901961,0.007839033,-0.03616611,748470.653,58.503,55.713,54.855,42.74122197,42.814,54.952,0.015424808,0.020158579,290065,4.9,4.72,0.014485732,-0.027972072,-0.057791538
2007/04,-0.0006,0.0022,0.0028,0.0052,0.0058,0.0052,0.0044,0.0101,0.0051,0.0027,0.0009,-0.0045,0.0015,0.0029,0.0038,0.0046,0.004,0.0026,0.0023,0.0055,0.0017,0.0026,0.003,0.0014,0.0034,0.004193311,0.06995589,-0.084321606,0.087752337,0.040699181,0.066719837,0.078455055,4.99333147,2,12358583,51.845,22038.495,20456.132,3161.571,18499.281,50.47,7.46,7.04,6.92,0.012468147,0.024175945,0.076829457,770339.214,58.812,55.985,53.692,42.37779473,47.709,51.716,0.011653611,0.029704061,335917,4.5,4.56,-0.026190657,0.006986934,-0.031763417
2007/05,-0.0049,-0.0006,0.0022,0.0028,0.0052,0.0058,0.0052,0.0044,0.0101,0.0051,0.0027,0.0009,-0.0045,0.0019,0.0029,0.0038,0.0046,0.004,0.0026,0.0023,0.0055,0.0017,0.0026,0.003,0.0014,0.003467331,-0.022216052,0.047588992,-0.040454998,-0.023372811,-0.012868445,-0.031966591,4.577967813,6,12400871,50.619,21835.96,19977.98,3129.579,17947.061,54.55,7.47,7.01,6.92,-0.011919101,0.002215889,0.00926496,763379.031,59.517,65.221,56.846,43.56773277,64.25,52.038,-0.009725093,-0.006601084,321981,4.3,4.69,0.04029994,0.05735318,-0.014705882
2007/06,0.0012,-0.0049,-0.0006,0.0022,0.0028,0.0052,0.0058,0.0052,0.0044,0.0101,0.0051,0.0027,0.0009,0.002,0.0019,0.0029,0.0038,0.0046,0.004,0.0026,0.0023,0.0055,0.0017,0.0026,0.003,0.001270838,0.044725839,0.171271124,0.020691871,-0.019524779,0.054430519,0.023347988,4.334181311,2,12459319,50.536,24535.855,22428.959,3535.138,20278.813,56.19,7.7,7.24,7.16,-0.014764747,-0.006385071,0.088154065,759531.451,59.789,51.785,51.02,43.44148672,50.172,52.789,0.010110269,0.008581497,353201,4.3,4.75,0.032453114,0.043231036,0.013777268
2007/07,0.0042,0.0012,-0.0049,-0.0006,0.0022,0.0028,0.0052,0.0058,0.0052,0.0044,0.0101,0.0051,0.0027,0.0029,0.002,0.0019,0.0029,0.0038,0.0046,0.004,0.0026,0.0023,0.0055,0.0017,0.0026,0.004471322,-0.007545632,0.12781567,-0.012723009,-0.043012926,-0.012172277,-0.033353466,4.511834012,-7,12473167,50.913,23591.904,21162.407,3526.428,19238.752,60,7.7,7.2,7.14,0.00034164,-0.003115277,-0.009085478,746844.481,58.348,62.259,58.681,43.75340772,54.759,53.054,0.030001241,0.026093666,338189,4.7,5.1,0.002210237,-0.016071326,-0.033975085
2007/08,0.0041,0.0042,0.0012,-0.0049,-0.0006,0.0022,0.0028,0.0052,0.0058,0.0052,0.0044,0.0101,0.0051,0.003,0.0029,0.002,0.0019,0.0029,0.0038,0.0046,0.004,0.0026,0.0023,0.0055,0.0017,0.004096296,-0.020078529,-0.129573579,0.003085902,0.078087951,-0.028008447,0.077489803,4.962823835,6,12538389,50.389,23329.641,21122.154,3963.511,18671.281,64.54,7.7,7.19,7.15,-0.003461389,0.004329022,-0.019937165,754968.111,57.866,55.128,53.194,43.06939622,48.19,50.161,-0.030853949,-0.048797128,333815,4.9,5,0.00410039,-0.01466505,0.05978898
2007/09,0.0078,0.0041,0.0042,0.0012,-0.0049,-0.0006,0.0022,0.0028,0.0052,0.0058,0.0052,0.0044,0.0101,0.0027,0.003,0.0029,0.002,0.0019,0.0029,0.0038,0.0046,0.004,0.0026,0.0023,0.0055,0.003438037,0.011940612,-0.185651576,0.013679797,0.027286602,0.022786981,0.023750215,4.812487991,1,12564977,50.498,25554.885,23271.093,3606.502,20886.836,63.04,7.71,7.2,7.15,0.022229838,0.021939744,-0.014185941,777313.878,57.989,54.979,51.369,42.96288126,53.928,51.683,0.033452906,0.038253685,349191,4.6,4.67,-0.043453673,0.011031742,-0.077433628
2007/10,0.0039,0.0078,0.0041,0.0042,0.0012,-0.0049,-0.0006,0.0022,0.0028,0.0052,0.0058,0.0052,0.0044,0.0048,0.0027,0.003,0.0029,0.002,0.0019,0.0029,0.0038,0.0046,0.004,0.0026,0.0023,0.00293445,-0.011973152,-0.122179877,0.001530604,0.060938583,-0.015797001,0.023412678,5.129808791,10,12632944,51.023,23779.308,21635.064,3894.072,19247.202,67.49,7.7,7.21,7.08,0.000788308,0.005452856,-0.009394281,784350.723,57.865,59.928,53.985,43.98629168,55.102,49.55,-0.004465443,0.010697872,317145,4.5,4.52,0.029217253,0.040268007,0
2007/11,0.0071,0.0039,0.0078,0.0041,0.0042,0.0012,-0.0049,-0.0006,0.0022,0.0028,0.0052,0.0058,0.0052,0.0033,0.0048,0.0027,0.003,0.0029,0.002,0.0019,0.0029,0.0038,0.0046,0.004,0.0026,0.002361941,0.039956155,0.268339608,0.026308761,0.000626109,0.039505702,0.036329647,4.846492185,6,12722238,50.45,27649.79,25295.826,3742.225,22346.703,72.08,7.73,7.2,7.14,-0.018397465,-0.007959917,0.034339813,800448.734,56.666,53.502,50.928,43.02376928,47.082,50.647,-0.016388327,-0.009776921,331073,4.4,4.53,0.028414556,0.002474538,-0.029976019
2007/12,0.0041,0.0071,0.0039,0.0078,0.0041,0.0042,0.0012,-0.0049,-0.0006,0.0022,0.0028,0.0052,0.0058,0.0023,0.0033,0.0048,0.0027,0.003,0.0029,0.002,0.0019,0.0029,0.0038,0.0046,0.004,0.00494105,-0.020888693,0.387872333,-0.062375179,-0.033710726,-0.014163167,0.03092597,4.338798234,-7,12819978,50.267,25152.819,22783.995,4880.247,19451.58,79.84,7.93,7.44,7.4,0.002213655,0.018077304,-0.060291913,808435.075,56.477,61.371,54.073,41.26657039,58.811,49.668,-0.004534486,-0.008473684,341848,4.5,4.15,-0.049536911,-0.04007843,-0.059332509
2008/01,0.0046,0.0041,0.0071,0.0039,0.0078,0.0041,0.0042,0.0012,-0.0049,-0.0006,0.0022,0.0028,0.0052,0.0038,0.0023,0.0033,0.0048,0.0027,0.003,0.0029,0.002,0.0019,0.0029,0.0038,0.0046,0.002547626,-0.014556039,-0.157318492,-0.008492793,0.102478146,-0.007880735,0.021698138,4.06638131,-9,12628392,48.1,23796.139,20988.928,4156.49,19103.854,79.57,7.93,7.44,7.45,-0.001509323,-0.008592604,-0.011934813,843439.47,57.262,55.078,51.904,40.85683428,51.297,49.374,0.000305271,-0.015040621,387473,4.8,4.1,0.010824182,-0.007994115,-0.007884363
2008/02,0.003,0.0046,0.0041,0.0071,0.0039,0.0078,0.0041,0.0042,0.0012,-0.0049,-0.0006,0.0022,0.0028,0.0043,0.0038,0.0023,0.0033,0.0048,0.0027,0.003,0.0029,0.002,0.0019,0.0029,0.0038,0.006846544,-0.012846061,-0.020116132,0.011964501,-0.129630648,-0.028475962,-0.107832843,5.002068324,4,12653122,49.475,23996.538,21352.4,4166.796,18066.196,80.15,7.93,7.42,7.43,0.006239976,0.013204855,-0.029659082,851323.771,56.105,47.97,50.018,42.82018079,41.649,49.135,-0.007241996,-0.013185511,307576,5.4,3.74,-0.067920472,-0.046322795,0.038410596
2008/03,0.0072,0.003,0.0046,0.0041,0.0071,0.0039,0.0078,0.0041,0.0042,0.0012,-0.0049,-0.0006,0.0022,0.0043,0.0043,0.0038,0.0023,0.0033,0.0048,0.0027,0.003,0.0029,0.002,0.0019,0.0029,0.010023149,-0.015286472,-0.137535477,0.003655444,0.050579158,-0.02029793,0.012047124,5.068802638,0,12688305,50.418,23978.831,21319.002,3811.109,19044.795,81.4,7.93,7.43,7.41,-0.01261324,-0.009907016,0.001360279,865839.643,56.337,58.487,55.744,42.1822147,54.192,54.498,-0.001174688,0.006392068,308171,5.2,3.74,-0.017327164,-0.030352421,-0.096938776
2008/04,0.0023,0.0072,0.003,0.0046,0.0041,0.0071,0.0039,0.0078,0.0041,0.0042,0.0012,-0.0049,-0.0006,0.0049,0.0043,0.0043,0.0038,0.0023,0.0033,0.0048,0.0027,0.003,0.0029,0.002,0.0019,0.010902522,-0.005955299,-0.125801233,-0.009564714,-0.03762121,0.003259296,-0.039755497,4.464399753,-3,12722876,48.776,23756.589,21396.798,5045.951,19949.28,89.35,7.93,7.43,7.4,-0.004156075,0.024321711,0.061276675,872868.197,52.437,56.635,52.661,41.22078841,51.031,51.644,0.003673892,0.012935136,334416,5.2,3.51,-0.027995306,-0.000285386,-0.018361582
2008/05,-0.0011,0.0023,0.0072,0.003,0.0046,0.0041,0.0071,0.0039,0.0078,0.0041,0.0042,0.0012,-0.0049,0.0039,0.0049,0.0043,0.0043,0.0038,0.0023,0.0033,0.0048,0.0027,0.003,0.0029,0.002,0.007486479,0.075198631,0.166263349,0.055791219,0.069993946,0.084009077,0.107971631,4.249229844,-3,12763457,49.254,28117.897,24709.926,4784.784,22244.889,94.9,7.94,7.44,7.34,-0.019106441,-0.014690424,-0.022654956,894891.731,53.199,53.227,51.162,41.89644963,46.519,51.864,-0.014228437,-0.011382443,331002,4.8,3.68,0.040647258,0.045441297,-0.099280576
2008/06,0.0041,-0.0011,0.0023,0.0072,0.003,0.0046,0.0041,0.0071,0.0039,0.0078,0.0041,0.0042,0.0012,0.0048,0.0039,0.0049,0.0043,0.0043,0.0038,0.0023,0.0033,0.0048,0.0027,0.003,0.0029,0.007743397,-0.015308388,0.180825828,-0.030438477,-0.03065981,-0.015547035,-0.030713306,4.09808046,-1,12782517,49.279,26014.122,23208.435,5001.74,20999.968,104.18,7.93,7.44,7.32,-0.007151337,-0.009673686,0.057085992,891425.217,50.781,58.817,54.357,40.15308101,52.35,52.655,-0.00283664,-0.005171882,357277,5.2,3.88,0.023896911,-0.01418165,-0.044728435
2008/07,0.0056,0.0041,-0.0011,0.0023,0.0072,0.003,0.0046,0.0041,0.0071,0.0039,0.0078,0.0041,0.0042,0.0047,0.0048,0.0039,0.0049,0.0043,0.0043,0.0038,0.0023,0.0033,0.0048,0.0027,0.003,0.007575346,2.18971e-05,0.040315626,-0.001614732,-0.004283362,-0.001445099,-0.001967123,4.364874541,-12,12815214,48.548,26135.875,23157.485,5589.744,20781.743,114.15,8,7.56,7.45,-0.011832565,-0.0146477,-0.084474903,874339.95,51.633,54.585,52.706,38.91199637,47.601,54.302,0.026841385,0.016621472,339791,5.7,4.1,-0.044162711,-0.101936556,-0.056856187
2008/08,0.0058,0.0056,0.0041,-0.0011,0.0023,0.0072,0.003,0.0046,0.0041,0.0071,0.0039,0.0078,0.0041,0.004,0.0047,0.0048,0.0039,0.0049,0.0043,0.0043,0.0038,0.0023,0.0033,0.0048,0.0027,0.008557269,0.001798847,-0.049038991,0.006305744,0.046186408,0.002184032,0.083274915,5.295869388,1,12817409,49.332,28762.742,25179.962,5931.857,21616.264,120.25,8.28,7.93,7.79,-0.008857267,-0.004529336,-0.069632567,883002.429,50.53,55.779,54.463,37.69026501,51.101,53.312,-0.027314942,-0.053846046,344158,6,4.01,-0.0625685,0.002467701,0.085106383
2008/09,0.0068,0.0058,0.0056,0.0041,-0.0011,0.0023,0.0072,0.003,0.0046,0.0041,0.0071,0.0039,0.0078,0.0041,0.004,0.0047,0.0048,0.0039,0.0049,0.0043,0.0043,0.0038,0.0023,0.0033,0.0048,-0.000740119,-0.029761006,-0.31568385,-0.011564135,-0.065453604,-0.023918177,-0.083193576,5.146872693,-9,12781187,50.144,28110.512,23784.047,5464.579,20368.45,106.64,8.56,8.18,8.04,-0.014493603,-0.042646742,-0.049488627,784823.553,49.535,56.098,52.002,36.7035231,49.831,50.715,0.007528153,0.020269718,342443,6.1,3.89,0.019199415,0.014547927,0.029411765
2008/10,0.0068,0.0068,0.0058,0.0056,0.0041,-0.0011,0.0023,0.0072,0.003,0.0046,0.0041,0.0071,0.0039,0.0058,0.0041,0.004,0.0047,0.0048,0.0039,0.0049,0.0043,0.0043,0.0038,0.0023,0.0033,0.004550904,0.012491798,-0.065342848,0.00839316,0.029743169,0.018622079,-0.011192775,4.993563354,-11,12816309,48.541,28020.923,24511.127,3464.975,21620.678,85.57,8.66,8.17,8.19,0.047945613,0.023149944,-0.05973713,829847.032,49.979,55.585,55.038,37.26160888,51.519,52.472,-0.050038142,-0.028619784,313308,6,3.69,-0.050301607,-0.060023745,0.115873016
2008/11,0.0114,0.0068,0.0068,0.0058,0.0056,0.0041,-0.0011,0.0023,0.0072,0.003,0.0046,0.0041,0.0071,0.0029,0.0058,0.0041,0.004,0.0047,0.0048,0.0039,0.0049,0.0043,0.0043,0.0038,0.0023,0.014700629,0.029852377,0.353026535,0.030224511,0.029653834,0.016654358,0.060303477,4.937717317,-15,12824701,47.178,27721.734,24705.938,3297.182,21132.244,60.27,8.68,7.74,7.71,0.179622484,0.134191321,-0.184096511,914887.436,46.993,52.748,52.216,36.65575702,48.247,52.868,-0.004357775,-0.013451368,311422,6.1,3.81,-0.203950666,-0.140604699,-0.180654339
2008/12,0.0069,0.0114,0.0068,0.0068,0.0058,0.0056,0.0041,-0.0011,0.0023,0.0072,0.003,0.0046,0.0041,0.0046,0.0029,0.0058,0.0041,0.004,0.0047,0.0048,0.0039,0.0049,0.0043,0.0043,0.0038,0.003842898,-0.043029088,0.292367213,-0.084635813,-0.070737511,-0.03311318,-0.024412709,5.387611866,-29,12768716,46.845,23234.846,20828.754,2317.633,17957.958,42.4,8.73,7.43,7.85,0.047066652,0.007605096,-0.006915505,980586.659,39.824,55.588,51.844,34.20780888,52.736,52.678,-0.021121891,-0.037102223,299238,6.5,3.53,-0.088521883,-0.053186764,-0.039930556
2009/01,0.0023,0.0069,0.0114,0.0068,0.0068,0.0058,0.0056,0.0041,-0.0011,0.0023,0.0072,0.003,0.0046,0.0057,0.0046,0.0029,0.0058,0.0041,0.004,0.0047,0.0048,0.0039,0.0049,0.0043,0.0043,0.001373073,0.003036012,0.019249271,-0.003163032,0.079300438,0.005802164,0.030287746,5.05830893,-23,12569068,43.646,20752.642,18792.451,1759.022,16924.758,33.7,8.74,8.02,8.15,0.023865124,0.038437709,0.082380939,1111045.137,38.23,47.032,47.565,34.94998133,42.065,47.241,-0.022197965,-0.046365224,346513,7.1,2.42,-0.006205834,-0.005962959,0.086799277
2009/02,0.0022,0.0023,0.0069,0.0114,0.0068,0.0068,0.0058,0.0056,0.0041,-0.0011,0.0023,0.0072,0.003,0.0044,0.0057,0.0046,0.0029,0.0058,0.0041,0.004,0.0047,0.0048,0.0039,0.0049,0.0043,0.000223564,-0.085819524,-0.156581174,-0.05728568,-0.115191813,-0.098599299,-0.18789572,6.137239647,-20,12425255,41.822,16789.104,15547.902,1915.814,13166.148,37.95,8.41,7.59,7.9,0.03564004,0.021708759,-0.127809552,1181862.505,35.154,45.682,45.513,34.99866293,38.497,44.356,-0.027990674,-0.042349358,273998,8.5,2.52,-0.013651488,-0.08836555,0.018302829
2009/03,0.0058,0.0022,0.0023,0.0069,0.0114,0.0068,0.0068,0.0058,0.0056,0.0041,-0.0011,0.0023,0.0072,0.0047,0.0044,0.0057,0.0046,0.0029,0.0058,0.0041,0.004,0.0047,0.0048,0.0039,0.0049,0.005401579,-0.031160425,-0.196256513,-0.035033639,-0.028106818,-0.017459647,-0.039932335,6.351499448,-16,12363245,41.343,16613.305,15282.195,1671.944,14392.843,38.24,7.94,7.12,7.6,0.048291598,0.030961702,-0.09466156,1196733.152,34.178,48.336,45.71,34.4083577,42.723,47.773,-0.008379716,0.011298412,264465,8.9,2.87,-0.069722036,-0.117228953,-0.080065359
2009/04,0.0035,0.0058,0.0022,0.0023,0.0069,0.0114,0.0068,0.0068,0.0058,0.0056,0.0041,-0.0011,0.0023,0.0052,0.0047,0.0044,0.0057,0.0046,0.0029,0.0058,0.0041,0.004,0.0047,0.0048,0.0039,0.005580051,0.064736299,-0.011170292,0.061626347,0.020228425,0.070936924,0.048243569,5.727208095,-23,12343243,42.859,18554.454,17300.494,1933.494,16584.607,42.03,7.64,7.03,7.17,0.015243146,0.003052761,0.099272602,1206497.578,32.782,50.458,46.876,33.40230232,46.476,47.945,-0.010686778,0.000382904,290068,9,2.82,-0.059734486,0.077303021,0.017761989
2009/05,-0.0029,0.0035,0.0058,0.0022,0.0023,0.0069,0.0114,0.0068,0.0068,0.0058,0.0056,0.0041,-0.0011,0.0042,0.0052,0.0047,0.0044,0.0057,0.0046,0.0029,0.0058,0.0041,0.004,0.0047,0.0048,-0.004863742,-0.027565882,0.145140795,-0.014804871,0.011191009,-0.044531733,-0.013523406,6.656859007,-22,12305737,44.169,17203.626,15827.482,1984.113,15388.056,47.77,6.68,6.05,6.34,-0.084827638,-0.077065479,0.111873832,1115946.041,35.963,55.083,49.256,33.47277155,51.994,48.05,-0.027698979,-0.021817169,292041,8.6,2.93,0.120217136,0.073493698,0.136125654
2009/06,0.0018,-0.0029,0.0035,0.0058,0.0022,0.0023,0.0069,0.0114,0.0068,0.0068,0.0058,0.0056,0.0041,0.002,0.0042,0.0052,0.0047,0.0044,0.0057,0.0046,0.0029,0.0058,0.0041,0.004,0.0047,-0.004650543,0.007171065,0.076416193,-0.010872326,0.012471042,0.014811988,-0.011843678,6.780053974,-19,12253881,43.87,16788.594,15520.322,2420.317,14817.974,56.42,5.78,5.29,5.53,-0.020186819,0.006837121,0.114341073,1063932.215,39.168,51.099,49.034,34.60027305,45.89,50.086,0.00243942,0.002901135,307481,9.1,3.29,0.063974533,0.040671653,0.055299539
2009/07,0.0027,0.0018,-0.0029,0.0035,0.0058,0.0022,0.0023,0.0069,0.0114,0.0068,0.0068,0.0058,0.0056,0.0025,0.002,0.0042,0.0052,0.0047,0.0044,0.0057,0.0046,0.0029,0.0058,0.0041,0.004,0.002708132,0.029768718,0.101825318,0.000849895,-0.021661372,0.043647659,0.034961269,6.353390405,-16,12251814,47.523,19569.999,17705.136,2846.803,16554.938,64.36,5.26,4.98,5.03,0.009624188,0.024386773,-0.000333769,996101.17,38.389,51.997,48.889,33.19328072,47.689,49.376,0.02600143,0.016572666,306050,9.7,3.72,0.026274088,-0.006274066,0.030567686
2009/08,0.0024,0.0027,0.0018,-0.0029,0.0035,0.0058,0.0022,0.0023,0.0069,0.0114,0.0068,0.0068,0.0058,0.0031,0.0025,0.002,0.0042,0.0052,0.0047,0.0044,0.0057,0.0046,0.0029,0.0058,0.0041,0.003279564,0.013796844,-0.108172045,0.047135667,0.055528061,0.001640193,0.069681153,7.381385907,-7,12245484,48.608,19254.846,17214.765,2898.803,15117.445,60.95,4.92,4.59,4.62,0.001348931,0.002535701,0.106763602,977125.96,39.591,56.657,51.47,34.22559493,54.029,49.344,-0.007656892,-0.022294567,308847,9.7,3.56,0.010473805,0.085783305,-0.06779661
2009/09,0.005,0.0024,0.0027,0.0018,-0.0029,0.0035,0.0058,0.0022,0.0023,0.0069,0.0114,0.0068,0.0068,0.0015,0.0031,0.0025,0.002,0.0042,0.0052,0.0047,0.0044,0.0057,0.0046,0.0029,0.0058,0.002795527,-0.026307716,-0.25119298,-0.019350672,-0.049608057,-0.017061498,-0.063597081,7.488213462,-6,12253662,50.864,20234.102,18276.698,2707.97,16857.579,67.21,4.89,4.49,4.45,-0.026972212,-0.019791365,0.037691393,968066.083,41.1,56.648,51.986,36.05017421,50.724,53.282,0.035106426,0.042798791,314505,9.6,3.59,0.078968178,0.035399397,-0.004545455
2009/10,0.003,0.005,0.0024,0.0027,0.0018,-0.0029,0.0035,0.0058,0.0022,0.0023,0.0069,0.0114,0.0068,0.004,0.0015,0.0031,0.0025,0.002,0.0042,0.0052,0.0047,0.0044,0.0057,0.0046,0.0029,0.007433957,0.025519608,-0.058655222,0.031267939,0.053833907,0.025742971,0.019213104,7.907579743,-10,12303132,52.186,21818.126,19545.132,2800.43,18138.656,64.73,4.91,4.48,4.45,0.030550321,0.039073806,0.033998973,1016714.446,41.791,57.429,53.824,34.53055923,51.642,52.627,-0.008301406,0.007740455,288071,9.5,3.4,0.034494711,0.022744998,0.118721461
2009/11,0.0052,0.003,0.005,0.0024,0.0027,0.0018,-0.0029,0.0035,0.0058,0.0022,0.0023,0.0069,0.0114,0.0032,0.004,0.0015,0.0031,0.0025,0.002,0.0042,0.0052,0.0047,0.0044,0.0057,0.0046,0.001200568,0.028486096,0.216698551,0.028281696,-0.01405951,0.020589218,0.054076678,6.930918717,9,12338030,50.736,21880.85,20045.471,3155.049,18962.57,68.87,4.91,4.51,4.45,-0.010157702,-0.002785515,-0.023009275,1027099.748,43.416,58.163,54.692,34.49931091,53.09,52.074,-0.005669003,0.002402661,300360,9.5,3.39,0.02212436,4.66882e-05,-0.039455782
2009/12,0.0041,0.0052,0.003,0.005,0.0024,0.0027,0.0018,-0.0029,0.0035,0.0058,0.0022,0.0023,0.0069,0.0014,0.0032,0.004,0.0015,0.0031,0.0025,0.002,0.0042,0.0052,0.0047,0.0044,0.0057,0.005330272,-0.0017977,0.374802688,-0.039126668,-0.037820403,0.003318803,-0.004451432,6.15098173,0,12407680,50.879,22493.453,20808.619,3175.172,19188.842,72.48,4.93,4.51,4.5,-0.00996034,-0.008811518,0.075100268,1048919.469,44.418,59.552,55.332,32.60958162,56.26,53.089,-0.003514149,-0.004034161,303850,9.4,3.4,0.019116573,0.065080378,-0.045325779
2010/01,0.0109,0.0041,0.0052,0.003,0.005,0.0024,0.0027,0.0018,-0.0029,0.0035,0.0058,0.0022,0.0023,0.0047,0.0014,0.0032,0.004,0.0015,0.0031,0.0025,0.002,0.0042,0.0052,0.0047,0.0044,0.004451071,0.013327748,-0.000651238,0.01001914,0.082643836,0.016361869,0.110736192,5.381773815,-11,12313795,49.694,23184.513,20848.29,3321.353,19702.63,69.66,4.93,4.5,4.53,-0.021332013,-0.03272774,0.033303326,1058226.692,44.664,54.16,52.984,33.17073952,47.346,51.508,0.008935691,-0.016327095,362735,9.7,3.59,0.020504196,0.008043424,0.075667656
2010/02,0.0058,0.0109,0.0041,0.0052,0.003,0.005,0.0024,0.0027,0.0018,-0.0029,0.0035,0.0058,0.0022,0.0075,0.0047,0.0014,0.0032,0.004,0.0015,0.0031,0.0025,0.002,0.0042,0.0052,0.0047,0.007342133,-0.06571874,-0.205139658,-0.023392382,-0.029881453,-0.082354748,-0.155685726,7.122795555,6,12309464,50.285,19634.064,17288.73,3107.816,16082.073,72.22,4.91,4.49,4.54,-0.003377327,-0.02159334,-0.063998976,1186877.506,46.205,55.051,51.887,33.98648986,49.159,52.162,0.010201837,0.00420326,279044,10.6,3.73,0.011889244,-0.034591218,0.026206897
2010/03,0.0071,0.0058,0.0109,0.0041,0.0052,0.003,0.005,0.0024,0.0027,0.0018,-0.0029,0.0035,0.0058,0.0041,0.0075,0.0047,0.0014,0.0032,0.004,0.0015,0.0031,0.0025,0.002,0.0042,0.0052,0.005398179,-0.009966892,-0.044795347,-0.025308156,-0.075803299,0.002202258,-0.033813314,6.426811127,6,12394866,52.299,20879.793,18868.13,2933.893,18368.707,70.24,4.92,4.49,4.6,0.012133989,-0.00607715,0.03491145,1204119.956,46.337,56.006,53.946,34.80195221,49.346,55.145,0.000879775,0.011647023,275566,10.4,3.69,-0.030635585,0.0256212,-0.010752688
2010/04,-0.0032,0.0071,0.0058,0.0109,0.0041,0.0052,0.003,0.005,0.0024,0.0027,0.0018,-0.0029,0.0035,0.0035,0.0041,0.0075,0.0047,0.0014,0.0032,0.004,0.0015,0.0031,0.0025,0.002,0.0042,0.006305765,0.088338416,-0.095578532,0.094443082,0.022413241,0.09483244,0.098272759,5.816288127,9,12474235,52.65,25710.897,23250.796,3448.617,22655.51,72.15,4.92,4.45,4.52,-0.026893168,-0.031737313,0.044172705,1207031.871,48.663,58.317,55.335,34.25856887,52.97,48.838,0.012757551,0.034031443,321305,10.2,3.73,0.057740548,0.051462784,0
2010/05,-0.0063,-0.0032,0.0071,0.0058,0.0109,0.0041,0.0052,0.003,0.005,0.0024,0.0027,0.0018,-0.0029,0.0011,0.0035,0.0041,0.0075,0.0047,0.0014,0.0032,0.004,0.0015,0.0031,0.0025,0.002,-0.002550549,-0.019438836,0.243486826,-0.017282502,0.070838081,-0.033105449,-0.002843081,6.509839442,9,12533268,53.103,24764.007,22109.363,3403.219,21441.298,74.39,4.94,4.44,4.55,-0.029475654,-0.029882822,-0.014267393,1179820.51,53.301,61.133,55.442,34.66909444,59.213,54.022,-0.011976125,-0.001260921,316940,9.5,3.85,0.039293039,0.013998914,-0.019021739
2010/06,-0.0003,-0.0063,-0.0032,0.0071,0.0058,0.0109,0.0041,0.0052,0.003,0.005,0.0024,0.0027,0.0018,0.0023,0.0011,0.0035,0.0041,0.0075,0.0047,0.0014,0.0032,0.004,0.0015,0.0031,0.0025,0.003910396,0.00625036,0.115821455,-0.011590245,-0.082445383,0.011273833,-0.035846576,6.048332929,10,12581564,53.053,24623.978,21960.689,3820.259,20976.202,67.81,4.94,4.52,4.55,0.035990851,0.018267481,-0.013633223,1194399.001,56.026,59.049,55.267,35.03605894,56.634,52.911,0.020268801,0.018545096,324820,9.3,3.42,-0.060345539,-0.079209144,0.019390582
2010/07,0.0022,-0.0003,-0.0063,-0.0032,0.0071,0.0058,0.0109,0.0041,0.0052,0.003,0.005,0.0024,0.0027,0.0014,0.0023,0.0011,0.0035,0.0041,0.0075,0.0047,0.0014,0.0032,0.004,0.0015,0.0031,0.001419003,0.016496871,0.014873862,0.009324439,-0.010543369,0.021165825,0.029805022,6.615237052,7,12630229,54.059,25336.866,23011.929,2628.192,22372.261,67.41,4.94,4.59,4.55,0.003217006,-0.005283999,-0.027211004,1265910.404,57.241,58.75,56.389,35.59378742,54.035,54.071,0.0311994,0.020019862,319183,9.6,3.2,-0.037066877,-0.035772067,0.032608696
2010/08,0.0028,0.0022,-0.0003,-0.0063,-0.0032,0.0071,0.0058,0.0109,0.0041,0.0052,0.003,0.005,0.0024,0.0021,0.0014,0.0023,0.0011,0.0035,0.0041,0.0075,0.0047,0.0014,0.0032,0.004,0.0015,0.005186193,-0.003767522,-0.067729211,0.012924409,0.072408547,-0.010044633,0.025298504,6.885141273,9,12657641,52.088,24364.456,21775.809,3405.49,19928.665,68.51,4.92,4.6,4.58,0.008700505,0.030340809,0.034720019,1301936.792,58.011,60.47,57.812,36.779917,53.77,54.919,-0.017615953,-0.039068025,320915,9.7,3.01,-0.003283832,0.070792071,-0.107894737
2010/09,0.0052,0.0028,0.0022,-0.0003,-0.0063,-0.0032,0.0071,0.0058,0.0109,0.0041,0.0052,0.003,0.005,0.001,0.0021,0.0014,0.0023,0.0011,0.0035,0.0041,0.0075,0.0047,0.0014,0.0032,0.004,0.00066255,-0.010988057,-0.2603296,-0.005056561,-0.059023828,0.000671212,-0.010853432,6.11796198,1,12705851,53.345,27615.053,24929.41,3472.796,23444.43,69.81,4.9,4.52,4.57,-0.008415082,0.001301757,-0.022180886,1326073.69,58.238,57.069,55.341,36.92788309,51.866,54.983,0.028178454,0.036154533,322319,9.5,2.7,0.006926205,-0.043113547,0.016224189
2010/10,0.0062,0.0052,0.0028,0.0022,-0.0003,-0.0063,-0.0032,0.0071,0.0058,0.0109,0.0041,0.0052,0.003,0.0036,0.001,0.0021,0.0014,0.0023,0.0011,0.0035,0.0041,0.0075,0.0047,0.0014,0.0032,0.00184546,0.008098525,-0.001299057,0.003989559,0.037830078,0.011157232,0.009152711,6.606238212,8,12774714,52.431,25861.45,23471.974,3318.425,22020.011,70.27,4.9,4.43,4.54,0.010600262,0.014367911,0.046612646,1407119.292,57.981,60.308,56.27,37.20057009,55.116,50.682,-0.011332196,0.001777313,307638,9.2,2.65,0.03200607,0.077219552,-0.010159652
2010/11,0.008,0.0062,0.0052,0.0028,0.0022,-0.0003,-0.0063,-0.0032,0.0071,0.0058,0.0109,0.0041,0.0052,0.0019,0.0036,0.001,0.0021,0.0014,0.0023,0.0011,0.0035,0.0041,0.0075,0.0047,0.0014,0.000710107,0.011789698,0.121347859,0.015285472,0.046261799,0.004606176,0.064838985,6.498937082,6,12861713,52.86,27317.792,24833.436,3685.555,22844.516,74.69,4.87,4.03,4.51,-0.031684939,-0.007656171,0.060595268,1364714.627,57.721,57.354,54.317,38.33026169,49.82,51.435,-0.011607677,-0.000711113,315059,9,2.54,0.044116124,0.030629569,-0.007331378
2010/12,0.005,0.008,0.0062,0.0052,0.0028,0.0022,-0.0003,-0.0063,-0.0032,0.0071,0.0058,0.0109,0.0041,0.0024,0.0019,0.0036,0.001,0.0021,0.0014,0.0023,0.0011,0.0035,0.0041,0.0075,0.0047,0.003779868,0.020723621,0.380984135,-0.031605087,-0.028971425,0.03608332,0.03646643,6.187122039,0,12933623,52.222,28254.429,25922.82,4196.692,23973.045,77.46,4.87,3.97,4.53,-0.010310355,-0.023565713,0.02689076,1365373.221,57.621,59.061,55.698,37.40857817,52.984,52.418,-0.009223068,-0.016142465,328381,9.3,2.76,0.023305855,-0.010115174,0.05760709
2011/01,0.0049,0.005,0.008,0.0062,0.0052,0.0028,0.0022,-0.0003,-0.0063,-0.0032,0.0071,0.0058,0.0109,0.0043,0.0024,0.0019,0.0036,0.001,0.0021,0.0014,0.0023,0.0011,0.0035,0.0041,0.0075,0.007531269,0.001076458,-0.079793572,0.005854423,0.060315484,0.003662086,0.077726384,5.819505574,-6,12825828,51.794,27119.034,23847.573,4272.333,22673.141,82.19,4.89,4.3,4.58,0.006166279,-0.008719434,0.041921393,1385933.39,58.432,57.532,54.976,37.17735005,50.918,53.159,0.016189203,-0.007466678,386878,9.1,3.29,0.035563675,0.051924743,0.040502793
2011/02,0.0038,0.0049,0.005,0.008,0.0062,0.0052,0.0028,0.0022,-0.0003,-0.0063,-0.0032,0.0071,0.0058,0.0046,0.0043,0.0024,0.0019,0.0036,0.001,0.0021,0.0014,0.0023,0.0011,0.0035,0.0041,0.005314456,-0.061369521,-0.15114829,-0.027586852,-0.092955124,-0.076127168,-0.161837414,6.127845046,4,12816174,51.005,24532.143,21226.445,4431.724,20242.873,85.95,4.86,4.14,4.53,-0.020433671,-0.019638925,-0.045338652,1402871.657,58.642,57.286,52.969,38.17665419,53.466,54.576,-0.001083683,-0.003060268,298626,9.8,3.39,0.033098834,0.027158387,-0.004026846
2011/03,0.0019,0.0038,0.0049,0.005,0.008,0.0062,0.0052,0.0028,0.0022,-0.0003,-0.0063,-0.0032,0.0071,0.004,0.0046,0.0043,0.0024,0.0019,0.0036,0.001,0.0021,0.0014,0.0023,0.0011,0.0035,0.006675328,-0.011645154,-0.107055098,-0.018758627,-0.016754439,-0.001726851,-0.043908795,6.032246134,9,12888745,53.999,25461.39,22336.389,3620.212,22151.263,90.54,4.84,4.04,4.51,-0.00618224,0.003292672,-0.002728293,1445974.859,58.253,56.195,54.896,38.46236262,50.762,55.974,-0.008786622,0.010369817,299920,9.5,3.58,0.030016248,0.028120475,0.044474394
2011/04,-0.0001,0.0019,0.0038,0.0049,0.005,0.008,0.0062,0.0052,0.0028,0.0022,-0.0003,-0.0063,-0.0032,0.003,0.004,0.0046,0.0043,0.0024,0.0019,0.0036,0.001,0.0021,0.0014,0.0023,0.0011,0.006445723,0.088095927,0.040636978,0.090660178,-0.018494507,0.088911893,0.062361134,5.407254795,11,12972562,53.628,29899.15,26629.633,5163.25,26191.875,102.38,4.84,4.27,4.47,-0.004580621,0.011198378,0.009430686,1475933.785,58.478,57.563,55.357,38.44131067,48.755,53.628,0.017734299,0.028665033,345052,9.2,3.41,-0.012589193,0.007638691,-0.129032258
2011/05,-0.0074,-0.0001,0.0019,0.0038,0.0049,0.005,0.008,0.0062,0.0052,0.0028,0.0022,-0.0003,-0.0063,0.0008,0.003,0.004,0.0046,0.0043,0.0024,0.0019,0.0036,0.001,0.0021,0.0014,0.0023,0.004637934,-0.048372536,0.012193134,-0.037870985,0.072583699,-0.05785361,-0.009177612,5.393314708,4,13002659,52.424,27200.981,23745.497,4582.271,23225.893,109.47,4.85,4.28,4.49,-0.021543941,-0.0072854,-0.012685621,1461259.034,58.738,61.36,58.759,38.32326225,56.366,52.573,-0.019531489,-0.016642967,339014,8.7,3.46,0.020712304,0.039839047,0.034074074
2011/06,0,-0.0074,-0.0001,0.0019,0.0038,0.0049,0.005,0.008,0.0062,0.0052,0.0028,0.0022,-0.0003,0.0018,0.0008,0.003,0.004,0.0046,0.0043,0.0024,0.0019,0.0036,0.001,0.0021,0.0014,0.00013578,0.037143441,0.138051603,0.017781522,-0.000771832,0.044196791,0.029201052,6.022526532,8,13039373,52.977,30541.743,26813.797,5053.233,26026.426,104.44,4.85,4.31,4.45,-0.009397537,0.001675314,-0.02336725,1450125.935,58.273,58.136,53.816,37.62652075,53.848,53.539,0.008109323,0.005713381,348979,8.7,3.17,0.005111116,-0.018793017,0.064469914
2011/07,0.0048,0,-0.0074,-0.0001,0.0019,0.0038,0.0049,0.005,0.008,0.0062,0.0052,0.0028,0.0022,0.0019,0.0018,0.0008,0.003,0.004,0.0046,0.0043,0.0024,0.0019,0.0036,0.001,0.0021,0.004120366,0.009721506,-0.041759741,0.015885409,0.032311282,0.008826033,0.050795799,6.288001272,8,13081753,52.341,30300.785,26238.441,5038.893,25355.897,102.99,4.85,4.37,4.48,0.012371329,0.013770646,0.02029167,1483791.041,58.639,61.362,56.301,37.35970658,56.182,54.789,0.031303443,0.023087036,346620,9.3,3,-0.038124068,-0.012367236,-0.037685061
2011/08,0.0016,0.0048,0,-0.0074,-0.0001,0.0019,0.0038,0.0049,0.005,0.008,0.0062,0.0052,0.0028,0.0022,0.0019,0.0018,0.0008,0.003,0.004,0.0046,0.0043,0.0024,0.0019,0.0036,0.001,0.00681431,-0.00856863,0.066254085,0.004416322,0.030539598,-0.020715051,0.023089218,6.618128175,4,13098938,52.166,29030.739,25244.956,4501.968,23346.649,104.82,4.82,4.14,4.47,-0.009837178,-0.012545435,-0.019985498,1516359.478,58.716,61.713,57.924,38.76740437,55.582,55.234,-0.011340261,-0.03348028,341381,9.3,3,0.029438513,-0.021837469,-0.109090909
2011/09,0.0025,0.0016,0.0048,0,-0.0074,-0.0001,0.0019,0.0038,0.0049,0.005,0.008,0.0062,0.0052,0.0012,0.0022,0.0019,0.0018,0.0008,0.003,0.004,0.0046,0.0043,0.0024,0.0019,0.0036,0.003155803,0.013455474,-0.203856992,0.00772433,-0.016077264,0.029899619,0.020317096,6.44309391,3,13142257,53.144,32292.579,28543.256,4912.529,26551.463,98.67,4.81,4.05,4.44,0.042368962,0.049324605,-0.009296085,1573628.857,58.447,60.216,57.292,39.75370332,54.729,55.774,0.025880547,0.032777704,352224,9.1,2.3,-0.105554244,-0.043621609,-0.124018838
2011/10,0.0067,0.0025,0.0016,0.0048,0,-0.0074,-0.0001,0.0019,0.0038,0.0049,0.005,0.008,0.0062,0.0027,0.0012,0.0022,0.0019,0.0018,0.0008,0.003,0.004,0.0046,0.0043,0.0024,0.0019,0.006198043,-0.006419967,-0.080667842,-0.009186411,-0.001435209,-0.001312737,-0.040960065,6.064052765,-1,13225433,52.104,30644.8,26367.816,4364.941,24409.535,100.1,4.78,4.23,4.37,0.062313589,0.042313895,-0.064382481,1690256.766,55.952,59.958,57.227,38.90225749,54.469,55.9,-0.01093823,0.006991944,333642,8.8,1.98,-0.009640218,-0.060287131,0.066308244
2011/11,0.0108,0.0067,0.0025,0.0016,0.0048,0,-0.0074,-0.0001,0.0019,0.0038,0.0049,0.005,0.008,0.0026,0.0027,0.0012,0.0022,0.0019,0.0018,0.0008,0.003,0.004,0.0046,0.0043,0.0024,0.007317333,0.009427116,0.158222285,0.030280229,0.049485539,-0.00975979,0.073439562,5.887811786,4,13309189,52.443,30554.512,26775.279,4858.728,25164.736,101.15,4.79,4.36,4.37,0.042671184,0.033757327,0.072063317,1903793.383,55.276,59.101,55.39,38.48225812,53.94,54.575,-0.003669159,0.00105691,337067,8.5,2.15,0.028399129,0.095445152,0.021848739
2011/12,0.0082,0.0108,0.0067,0.0025,0.0016,0.0048,0,-0.0074,-0.0001,0.0019,0.0038,0.0049,0.005,0.0032,0.0026,0.0027,0.0012,0.0022,0.0019,0.0018,0.0008,0.003,0.004,0.0046,0.0043,0.007488708,0.037002307,0.369397727,-0.009604117,0.039715642,0.050882685,0.052980599,5.86516262,10,13375526,51.781,31248.71,28232.253,5061.338,25990.409,107.62,4.8,4.35,4.41,0.011497834,-0.005142252,0.007607179,1851553.673,54.393,60.369,56.35,37.70937468,54.746,54.837,-0.006791261,-0.017071689,351517,8.2,2.01,0.015902781,0.007584151,0.047697368
2012/01,0.0071,0.0082,0.0108,0.0067,0.0025,0.0016,0.0048,0,-0.0074,-0.0001,0.0019,0.0038,0.0049,0.0051,0.0032,0.0026,0.0027,0.0012,0.0022,0.0019,0.0018,0.0008,0.003,0.004,0.0046,0.008757095,-0.017398454,-0.018716036,-0.0117547,0.015637893,-0.020754506,0.067414917,4.795826014,-5,13266730,50.146,29135.344,25985.026,4854.264,24333.016,106.33,4.8,4.34,4.5,0.008492351,-0.010842159,-0.001461696,1924786.36,55.173,58.322,54.561,37.42383898,52.898,52.19,0.010173535,-0.00367353,408910,8.3,1.98,0.013786998,0.01426875,0.09733124
2012/02,0.002,0.0071,0.0082,0.0108,0.0067,0.0025,0.0016,0.0048,0,-0.0074,-0.0001,0.0019,0.0038,0.0045,0.0051,0.0032,0.0026,0.0027,0.0012,0.0022,0.0019,0.0018,0.0008,0.003,0.004,0.003424346,-0.043152288,-0.1865263,-0.023896802,-0.151529095,-0.045837164,-0.201969701,5.663601369,12,13286683,52.445,27548.995,24358.156,4628.295,22653.282,108.54,4.79,4.27,4.48,-0.017954274,-0.026725122,0.002214829,1987190.938,54.409,56.96,53.296,37.71485478,51.3,50.819,0.00380747,0.000999032,315540,8.8,1.97,0.046049699,0.033996159,0.072961373
2012/03,0.0006,0.002,0.0071,0.0082,0.0108,0.0067,0.0025,0.0016,0.0048,0,-0.0074,-0.0001,0.0019,0.0043,0.0045,0.0051,0.0032,0.0026,0.0027,0.0012,0.0022,0.0019,0.0018,0.0008,0.003,-0.000479197,-0.000714489,-0.059825609,0.005718402,0.042923311,-0.001542931,0.019796953,6.282030463,18,13382106,53.54,29517.163,26109.955,4570.34,25445.005,110.23,4.78,4.32,4.5,-0.052078165,-0.043406807,0.008478496,1929233.883,55.029,58.56,54.547,39.36042136,53.484,52.285,0.001936435,0.01636859,331470,8.7,1.97,0.039913039,0.025263902,0.004
2012/04,-0.0031,0.0006,0.002,0.0071,0.0082,0.0108,0.0067,0.0025,0.0016,0.0048,0,-0.0074,-0.0001,0.0024,0.0043,0.0045,0.0051,0.0032,0.0026,0.0027,0.0012,0.0022,0.0019,0.0018,0.0008,0.002824731,0.056550132,0.004346342,0.057462051,-0.027605477,0.058649548,0.025663837,5.395412119,19,13465478,53.751,30839.53,27299.503,5166.009,27146.037,112.82,4.77,4.24,4.5,-0.003538675,-0.006299806,0.044474293,1907608.108,56.022,59.265,55.298,38.9804324,53.629,52.477,0.000925998,0.014558864,368502,8.4,2.17,0.027174003,0.020071873,0.011952191
2012/05,-0.0032,-0.0031,0.0006,0.002,0.0071,0.0082,0.0108,0.0067,0.0025,0.0016,0.0048,0,-0.0074,0.0015,0.0024,0.0043,0.0045,0.0051,0.0032,0.0026,0.0027,0.0012,0.0022,0.0019,0.0018,0.000736496,-0.038271622,0.059293259,-0.038048394,0.051352354,-0.043160214,-0.00334567,5.782612901,3,13491961,52.589,30481.741,26860.067,4534.742,26365.679,108.04,4.74,4.29,4.48,0.02313403,0.030907487,0.001617907,1924778.49,56.078,61.56,56.498,38.8750007,56.323,53.271,-0.008720312,-0.006641798,349194,7.7,2.05,-0.002023408,0.000120296,0.002624672
2012/06,0.0046,-0.0032,-0.0031,0.0006,0.002,0.0071,0.0082,0.0108,0.0067,0.0025,0.0016,0.0048,0,0.0027,0.0015,0.0024,0.0043,0.0045,0.0051,0.0032,0.0026,0.0027,0.0012,0.0022,0.0019,0.003847619,0.039865712,0.111010974,0.031518034,0.015256502,0.041346829,0.023569146,5.972802568,9,13547118,53.374,32801.858,28929.435,4334.593,28800.884,102.24,4.76,4.39,4.51,0.038647787,0.032876644,-0.037204427,2005108.57,55.62,57.882,54.523,40.22453261,52.18,52.252,0.008164672,0.002122923,373129,7.9,1.8,-0.032570202,-0.062070783,0.037958115
2012/07,0.0056,0.0046,-0.0032,-0.0031,0.0006,0.002,0.0071,0.0082,0.0108,0.0067,0.0025,0.0016,0.0048,0.0022,0.0027,0.0015,0.0024,0.0043,0.0045,0.0051,0.0032,0.0026,0.0027,0.0012,0.0022,0.005151225,-0.003745021,0.137793482,-0.007599996,-0.059250821,-0.009448749,-0.029635915,5.699828723,7,13621460,53.277,29657.623,26623.84,3682.722,26589.981,91.39,4.76,4.34,4.49,0.031455635,0.016236937,0.056560703,2215194.982,54.959,60.249,55.999,39.73225356,54.983,51.892,0.025963562,0.023878258,356083,8.4,1.62,-0.01326236,0.039266216,-0.076923077
2012/08,0.003,0.0056,0.0046,-0.0032,-0.0031,0.0006,0.002,0.0071,0.0082,0.0108,0.0067,0.0025,0.0016,0.0031,0.0022,0.0027,0.0015,0.0024,0.0043,0.0045,0.0051,0.0032,0.0026,0.0027,0.0012,-0.002041736,0.001411844,-0.115717065,0.020273229,0.123370249,-0.002770689,0.084629009,5.936710194,6,13653535,53.264,30704.05,27494.594,3787.515,26506.891,95.37,4.78,4.15,4.48,-0.042383064,-0.052181072,0.00690265,2109641.827,55.425,60.25,56.487,39.71325338,54.952,53.336,-0.014903588,-0.041265265,351520,8.6,1.53,0.027421485,0.009983312,-0.012295082
2012/09,0.0044,0.003,0.0056,0.0046,-0.0032,-0.0031,0.0006,0.002,0.0071,0.0082,0.0108,0.0067,0.0025,0.0022,0.0031,0.0022,0.0027,0.0015,0.0024,0.0043,0.0045,0.0051,0.0032,0.0026,0.0027,-0.000183921,-0.005188917,-0.20896237,-0.01146045,-0.064604926,0.01079266,-0.030683512,6.306957483,-1,13704769,53.771,32641.949,29050.455,4809.888,26850.248,101.53,4.79,4.13,4.49,-0.015713923,-0.008769309,-0.034408704,2127428.396,55.31,60.282,56.439,41.14782555,55.153,53.448,0.016580809,0.029217484,372986,8.2,1.68,0.032111346,0.006315742,0.027662517
2012/10,0.0051,0.0044,0.003,0.0056,0.0046,-0.0032,-0.0031,0.0006,0.002,0.0071,0.0082,0.0108,0.0067,0.0018,0.0022,0.0031,0.0022,0.0027,0.0015,0.0024,0.0043,0.0045,0.0051,0.0032,0.0026,0.0037364,-0.023860496,-0.155264715,-0.012066229,0.036385193,-0.025295526,-0.012645238,5.661284675,-8,13794510,54.144,29069.597,26082.861,4573.095,24706.547,102.1,4.8,4.17,4.5,-0.014561044,-0.000800081,0.032113975,2138622.96,55.885,60.654,56.986,40.78320035,55.436,55.182,-0.009889475,0.002408366,342582,7.6,1.72,0.028486452,0.026452825,0.053835801
2012/11,0.0068,0.0051,0.0044,0.003,0.0056,0.0046,-0.0032,-0.0031,0.0006,0.002,0.0071,0.0082,0.0108,0.0023,0.0018,0.0022,0.0031,0.0022,0.0027,0.0015,0.0024,0.0043,0.0045,0.0051,0.0032,-0.000197971,0.046387533,0.256896988,0.026824067,0.009194074,0.050563064,0.071161071,5.810456608,6,13894901,54.152,35564.836,31422.772,4641.024,29298.815,99.1,4.82,4.21,4.5,-0.008801041,-0.009698306,0.013298921,2083338.84,55.608,59.808,56.266,39.3550225,54.28,54.131,-0.008848268,-0.007941833,355823,7.5,1.75,-0.003881621,-0.025352483,0.054916986
2012/12,0.0023,0.0068,0.0051,0.0044,0.003,0.0056,0.0046,-0.0032,-0.0031,0.0006,0.002,0.0071,0.0082,0.0005,0.0023,0.0018,0.0022,0.0031,0.0022,0.0027,0.0015,0.0024,0.0043,0.0045,0.0051,0.002547927,0.022395809,0.494270309,-0.02246158,0.014252514,0.028070102,0.034035091,5.937548287,-1,13965120,53.977,32716.357,29030.068,4315.928,27152.994,95.39,4.84,4.29,4.51,0.016655273,0.000703365,-0.001651095,2126636.64,55.949,60.981,57.063,39.62933981,55.508,54.312,-0.000394056,-0.007350974,368593,7.4,1.65,-0.030118086,-0.005412315,0.001210654
2013/01,0.004,0.0023,0.0068,0.0051,0.0044,0.003,0.0056,0.0046,-0.0032,-0.0031,0.0006,0.002,0.0071,0.0012,0.0005,0.0023,0.0018,0.0022,0.0031,0.0022,0.0027,0.0015,0.0024,0.0043,0.0045,-0.00105442,-0.032034534,-0.059843043,-0.037136511,-0.03244095,-0.027076976,-0.016500991,5.215663272,2,13847599,52.892,29207.86,26351.347,3911.398,26297.978,96.67,4.84,4.05,4.51,-0.016825601,-0.017252718,0.042359761,2108579.702,56.611,59.75,56.165,39.12139479,54.023,53.695,0.005542965,-0.003562933,416807,7.6,1.72,0.019916008,0.006031342,-0.118500605
2013/02,0.0049,0.004,0.0023,0.0068,0.0051,0.0044,0.003,0.0056,0.0046,-0.0032,-0.0031,0.0006,0.002,0.0042,0.0012,0.0005,0.0023,0.0018,0.0022,0.0031,0.0022,0.0027,0.0015,0.0024,0.0043,0.001301907,-0.030483623,-0.17075758,-0.001876942,-0.108953923,-0.037981353,-0.164421649,6.32403512,12,13859116,53.078,30152.955,26144.082,4549.365,22749.172,100.6,4.84,4.15,4.49,-0.01127691,-0.018688741,0.03181672,2120107.789,57.137,58.335,54.494,41.13950263,52.473,52.666,2.28855e-05,-0.008287598,333789,8.5,1.91,0.040856592,0.057724878,0.012345679
2013/03,0.0073,0.0049,0.004,0.0023,0.0068,0.0051,0.0044,0.003,0.0056,0.0046,-0.0032,-0.0031,0.0006,0.0051,0.0042,0.0012,0.0005,0.0023,0.0018,0.0022,0.0031,0.0022,0.0027,0.0015,0.0024,0.00378872,-0.02877981,-0.113689561,-0.010890967,0.087248055,-0.034833245,0.029487018,5.754690104,4,13933772,52.724,29066.034,26056.278,4084.912,25006.561,105.43,4.82,4.19,4.5,-0.000589535,-0.007683776,-0.030327569,2103530.32,57.388,60.082,54.024,41.61337585,55.037,57.074,0.00333523,0.015989763,332491,8.1,1.98,0.021559338,0.013989927,0.051490515
2013/04,0.0007,0.0073,0.0049,0.004,0.0023,0.0068,0.0051,0.0044,0.003,0.0056,0.0046,-0.0032,-0.0031,0.003,0.0051,0.0042,0.0012,0.0005,0.0023,0.0018,0.0022,0.0031,0.0022,0.0027,0.0015,0.002430287,0.025954468,-0.120749181,0.0183443,-0.075594062,0.03846951,-0.027576554,5.315698554,-2,13976498,53.262,30127.821,26566.38,4157.749,27680.323,102.98,4.48,3.98,4.16,-0.011003272,-0.028989376,-0.008272014,2120095.152,58.022,58.639,54.846,39.68821272,53.739,54.754,0.006323013,0.012804059,374155,7.6,1.96,0.025469236,0.037287172,0.012886598
2013/05,-0.0033,0.0007,0.0073,0.0049,0.004,0.0023,0.0068,0.0051,0.0044,0.003,0.0056,0.0046,-0.0032,0.0008,0.003,0.0051,0.0042,0.0012,0.0005,0.0023,0.0018,0.0022,0.0031,0.0022,0.0027,-0.002467675,0.035594786,0.254693743,0.029806311,0.051079591,0.029354781,0.075280954,6.390822777,1,14040794,52.457,34087.541,29949.509,4439.145,28289.993,99.12,4.33,3.82,4.02,-0.027802298,-0.029735141,-0.04177926,2063854.056,58.166,59.941,55.421,39.93393159,53.51,55.244,-0.009352002,-0.002790544,362984,7.1,1.76,0.012814613,0.017920732,-0.027989822
2013/06,-0.0006,-0.0033,0.0007,0.0073,0.0049,0.004,0.0023,0.0068,0.0051,0.0044,0.003,0.0056,0.0046,0.002,0.0008,0.003,0.0051,0.0042,0.0012,0.0005,0.0023,0.0018,0.0022,0.0031,0.0022,-0.000630979,0.013386013,0.1140225,0.016107577,0.050057971,0.006228573,-0.019149935,5.515785005,5,14077270,53.216,33305.574,29931.317,3679.042,29166.24,98.67,4.32,3.72,4.02,0.002233147,0.000319968,-0.012689236,2044920.612,58.196,60.385,55.588,39.83611171,55.614,50.103,0.002284967,0.0005988,389700,7.3,1.93,0.044018816,0.018583301,0.106020942
2013/07,-0.0003,-0.0006,-0.0033,0.0007,0.0073,0.0049,0.004,0.0023,0.0068,0.0051,0.0044,0.003,0.0056,0.0013,0.002,0.0008,0.003,0.0051,0.0042,0.0012,0.0005,0.0023,0.0018,0.0022,0.0031,0.003914623,-0.026254352,0.077541341,-0.035670129,-0.09916942,-0.026673031,-0.060388177,5.824296905,-11,14109463,52.982,30168.158,27095.117,3726.564,27361.703,97.86,4.3,3.78,4.02,0.055818547,0.068329245,-0.022610724,2139839.933,58.517,58.835,56.049,39.44711612,53.818,52.171,0.02672488,0.021689067,369274,7.8,2.3,-0.012848932,-0.013626041,-0.004733728
2013/08,0.0028,-0.0003,-0.0006,-0.0033,0.0007,0.0073,0.0049,0.004,0.0023,0.0068,0.0051,0.0044,0.003,0.0003,0.0013,0.002,0.0008,0.003,0.0051,0.0042,0.0012,0.0005,0.0023,0.0018,0.0022,-0.003483991,0.020665568,-0.08970543,0.033393834,0.084392407,0.020211073,0.102603112,5.963510233,-6,14121670,52.01,33651.211,30016.045,4303.762,27948.412,101,4.32,3.85,4.01,-0.011672761,-0.036081114,0.005615405,2169540.52,57.111,56.821,54.146,38.77056184,51.767,52.015,-0.018281472,-0.046174679,376928,7.7,2.58,0.030827652,0.039567956,0.011890606
2013/09,0.0038,0.0028,-0.0003,-0.0006,-0.0033,0.0007,0.0073,0.0049,0.004,0.0023,0.0068,0.0051,0.0044,0.0009,0.0003,0.0013,0.002,0.0008,0.003,0.0051,0.0042,0.0012,0.0005,0.0023,0.0018,-0.0007145,-0.010049206,-0.233600174,-0.002454087,-0.011180735,-0.001456089,-0.043873524,5.911086644,-12,14161683,51.832,32902.205,29200.96,4174.492,28502.812,100.84,4.31,3.84,4.01,0.006671829,0.012648332,-0.035691121,2173101.197,56.849,57.091,54.354,40.65621236,50.27,53.675,0.026849735,0.038907765,388112,7.3,2.74,0.000849885,-0.044468337,-0.035252644
2013/10,0.0048,0.0038,0.0028,-0.0003,-0.0006,-0.0033,0.0007,0.0073,0.0049,0.004,0.0023,0.0068,0.0051,0.0032,0.0009,0.0003,0.0013,0.002,0.0008,0.003,0.0051,0.0042,0.0012,0.0005,0.0023,0.004532184,-0.021874978,-0.113459407,-0.030725363,0.011601465,-0.012178162,-0.02571716,5.882632182,-12,14225223,52.426,30726.402,27617.812,4014.648,27363.115,99.74,4.1,3.64,3.82,0.017256651,0.015557699,0.013728172,2277512.408,56.469,57.493,53.294,40.53082193,51.623,48.88,-0.006121709,0.000712045,352560,7,2.81,0.01022689,0.021563525,-0.056029233
2013/11,0.0093,0.0048,0.0038,0.0028,-0.0003,-0.0006,-0.0033,0.0007,0.0073,0.0049,0.004,0.0023,0.0068,0.0019,0.0032,0.0009,0.0003,0.0013,0.002,0.0008,0.003,0.0051,0.0042,0.0012,0.0005,0.000193367,0.05221278,0.305226309,0.06333814,0.047241366,0.035032396,0.097907098,5.635806985,-5,14324766,52.265,35217.067,31945.214,4340.204,30742.221,94.95,3.98,3.39,3.72,-0.005636815,0.000392903,0.016402809,2267281.502,53.496,56.375,53.266,39.1824868,49.949,54.718,-0.011368482,-0.000832402,369638,7,2.62,0.019472225,0.027500817,-0.055483871
2013/12,0.0057,0.0093,0.0048,0.0038,0.0028,-0.0003,-0.0006,-0.0033,0.0007,0.0073,0.0049,0.004,0.0023,0.0014,0.0019,0.0032,0.0009,0.0003,0.0013,0.002,0.0008,0.003,0.0051,0.0042,0.0012,0.003083481,0.002407313,0.305866608,-0.040641365,0.00314845,0.013699926,0.004018429,5.047537854,0,14396311,51.792,31363.977,28410.428,3637.949,28035.46,89.54,3.79,3.39,3.57,0.003433523,-0.013616982,0.026023354,2265059.958,52.055,59.815,55.381,38.07752281,54.664,54.483,-0.002029904,-0.013935335,378498,6.6,2.72,0.036926453,0.034778909,0.025956284
2014/01,0.0089,0.0057,0.0093,0.0048,0.0038,0.0028,-0.0003,-0.0006,-0.0033,0.0007,0.0073,0.0049,0.004,0.0033,0.0014,0.0019,0.0032,0.0009,0.0003,0.0013,0.002,0.0008,0.003,0.0051,0.0042,0.00428255,-0.01024587,0.019453308,-0.025819107,0.030610704,-0.002981576,0.065726977,5.166927127,-8,14250352,51.039,30441.223,27409.19,4373.637,27687.57,91.65,3.79,3.29,3.62,-0.004103067,-0.009004873,-0.000370346,2309373.975,51.143,58.037,53.879,36.94645991,52.585,54.807,0.0029249,-0.014663531,430321,6.5,2.9,0.01358771,0.030476145,0.098535286
2014/02,0.0025,0.0089,0.0057,0.0093,0.0048,0.0038,0.0028,-0.0003,-0.0006,-0.0033,0.0007,0.0073,0.0049,0.0085,0.0033,0.0014,0.0019,0.0032,0.0009,0.0003,0.0013,0.002,0.0008,0.003,0.0051,0.005360957,-0.043865857,-0.223156068,-0.003332575,-0.177848215,-0.055150601,-0.1980141,6.515136133,-4,14227698,52.141,30233.531,26479.827,3827.883,23224.502,90.65,3.78,3.14,3.51,0.014473704,-8.77E-05,-0.051714482,2309662.299,52.361,57.486,53.828,37.37068748,51.678,54.382,-0.001129106,-0.015690999,340122,7,2.86,0.008065952,-0.052954964,-0.015757576
2014/03,0.0027,0.0025,0.0089,0.0057,0.0093,0.0048,0.0038,0.0028,-0.0003,-0.0006,-0.0033,0.0007,0.0073,0.0028,0.0085,0.0033,0.0014,0.0019,0.0032,0.0009,0.0003,0.0013,0.002,0.0008,0.003,0.006962389,-0.012843465,-0.006152462,-0.010388692,0.129771122,-0.01472061,0.047516373,5.755750435,-9,14302977,53.3,29543.472,26332.463,3924.527,26537,93.09,3.79,3.16,3.52,0.006872201,0.009652927,-0.053690577,2402091.418,51.551,59.61,55.183,35.55082197,55.256,52.502,0.006622206,0.024117745,337129,7,2.71,-0.002920356,0.039675852,0.004926108
2014/04,-0.0019,0.0027,0.0025,0.0089,0.0057,0.0093,0.0048,0.0038,0.0028,-0.0003,-0.0006,-0.0033,0.0007,0.0021,0.0028,0.0085,0.0033,0.0014,0.0019,0.0032,0.0009,0.0003,0.0013,0.002,0.0008,0.000784876,0.052784185,-0.144241792,0.077694506,-0.029576683,0.048618571,0.04100051,5.5975651,-1,14374413,53.696,32287.36,28972.55,3748.694,29496.499,93.48,3.8,3.17,3.52,-0.005523448,0.001122646,0.04043443,2394140.716,52.855,57.477,54.207,35.73456928,51.005,51.877,0.014265682,0.026189217,383241,6.8,2.72,0.025584869,0.008329563,-0.019607843
2014/05,-0.0032,-0.0019,0.0027,0.0025,0.0089,0.0057,0.0093,0.0048,0.0038,0.0028,-0.0003,-0.0006,-0.0033,0.0029,0.0021,0.0028,0.0085,0.0033,0.0014,0.0019,0.0032,0.0009,0.0003,0.0013,0.002,0.00048454,-0.009896491,0.18695055,-0.019958369,0.041203104,-0.012626904,0.000948732,6.361024421,-3,14437257,53.081,33561.872,29744.318,3786.861,30273.089,95.68,3.81,3.23,3.53,-0.011146087,-0.003324019,0.008058365,2385905.712,53.207,60.493,56.481,37.13514688,55.346,53.698,-0.012715993,-0.008939187,383688,5.9,2.71,0.000397097,0.007484235,0.05125
2014/06,0.0017,-0.0032,-0.0019,0.0027,0.0025,0.0089,0.0057,0.0093,0.0048,0.0038,0.0028,-0.0003,-0.0006,0.0009,0.0029,0.0021,0.0028,0.0085,0.0033,0.0014,0.0019,0.0032,0.0009,0.0003,0.0013,0.002720004,0.034929996,0.167035908,0.026068253,0.005895628,0.033155691,0.00151349,5.900193549,0,14504299,52.635,34251.128,31031.629,3805.631,30568.157,96.79,3.8,3.28,3.53,-0.009197971,-0.002934944,0.019248731,2435396.905,53.458,57.925,54.787,37.61013368,52.525,54.592,0.007454773,0.0046431,408177,6.1,2.56,0.013680369,0.008222627,-0.026159334
2014/07,0.0028,0.0017,-0.0032,-0.0019,0.0027,0.0025,0.0089,0.0057,0.0093,0.0048,0.0038,0.0028,-0.0003,0.0021,0.0009,0.0029,0.0021,0.0028,0.0085,0.0033,0.0014,0.0019,0.0032,0.0009,0.0003,-0.004033122,-0.016324878,0.012396156,-0.014754126,-0.036286966,-0.019102893,-0.007307781,5.881632719,-9,14558766,52.361,33050.55,29688.747,3890.362,29545.949,98.79,3.43,3.02,3.14,0.002726311,-0.00109456,0.031447031,2421263.4,53.018,59.59,55.618,37.75133861,53.964,53.811,0.028210415,0.022387812,385387,6.3,2.6,0.030332031,0.006545966,0.007326007
2014/08,0.0036,0.0028,0.0017,-0.0032,-0.0019,0.0027,0.0025,0.0089,0.0057,0.0093,0.0048,0.0038,0.0028,0.0019,0.0021,0.0009,0.0029,0.0021,0.0028,0.0085,0.0033,0.0014,0.0019,0.0032,0.0009,0.004279254,0.020710425,-0.051805273,0.02084253,0.023354054,0.025318597,0.053167333,6.81422277,-9,14586247,52.502,34690.783,31418.479,3428.666,30258.435,94.65,3.3,2.83,3.02,-0.000754822,-0.006368446,0.022470983,2468860.461,52.831,57.855,54.729,37.90494923,51.998,53.584,-0.016684538,-0.039910678,394591,6.5,2.54,0.013359636,-0.01564784,-0.008484848
2014/09,0.0044,0.0036,0.0028,0.0017,-0.0032,-0.0019,0.0027,0.0025,0.0089,0.0057,0.0093,0.0048,0.0038,0.0021,0.0019,0.0021,0.0009,0.0029,0.0021,0.0028,0.0085,0.0033,0.0014,0.0019,0.0032,0.003891338,-0.030605972,-0.217288676,-0.023154906,-0.000639504,-0.024077747,-0.018323383,6.262580952,-10,14619574,52.076,34483.635,30995.272,3671.599,29615.222,90.8,3.3,2.77,3.05,0.013535388,0.003968702,0.037589724,2517331.315,53.526,58.877,54.76,37.55181328,53.399,55.125,0.024022985,0.032662518,401280,6.3,2.42,-0.005862904,0.032308844,0.008557457
2014/10,0.0055,0.0044,0.0036,0.0028,0.0017,-0.0032,-0.0019,0.0027,0.0025,0.0089,0.0057,0.0093,0.0048,0.0029,0.0021,0.0019,0.0021,0.0009,0.0029,0.0021,0.0028,0.0085,0.0033,0.0014,0.0019,0.00148779,0.000394061,-0.112799311,-0.001278655,0.03357309,0.006867285,-0.002870942,5.791019867,-5,14707526,52.263,33667.444,30067.887,3617.818,30529.493,85.82,3.29,2.83,3.02,0.003893832,-0.017933056,-0.018414884,2504285.208,53.97,57.715,54.787,37.45015992,51.626,56.137,-0.007898104,0.000401991,374354,5.7,2.53,0.016157925,-0.003248602,0.025454545
2014/11,0.0081,0.0055,0.0044,0.0036,0.0028,0.0017,-0.0032,-0.0019,0.0027,0.0025,0.0089,0.0057,0.0093,0.0017,0.0029,0.0021,0.0019,0.0021,0.0009,0.0029,0.0021,0.0028,0.0085,0.0033,0.0014,-0.000770141,0.047250855,0.184239906,0.057803636,0.05650604,0.034936054,0.118013067,5.849486814,2,14831481,52.862,36945.105,33557.79,3264.062,33615.539,75.23,3.29,2.9,3.04,0.020954228,0.005509847,-0.004573468,2560104.468,53.667,58.402,54.954,38.21988818,53.322,54.298,-0.00988876,-0.002905096,388322,5.5,2.3,-0.028070995,0.020396552,0.027186761
2014/12,0.0049,0.0081,0.0055,0.0044,0.0036,0.0028,0.0017,-0.0032,-0.0019,0.0027,0.0025,0.0089,0.0057,0.0016,0.0017,0.0029,0.0021,0.0019,0.0021,0.0009,0.0029,0.0021,0.0028,0.0085,0.0033,0.001372332,-0.007501512,0.377268943,-0.05082342,-0.012670157,0.001258,-0.003977145,5.218193552,-8,14910604,52.167,33407.006,29781.585,2989.049,29203.685,66.94,3.29,2.85,3.05,0.007798587,-0.020691062,-0.0264415,2583831.47,54.029,60.361,55.663,37.69354202,55.179,52.604,0.002291072,-0.006114427,391551,5.5,2.33,0.055385938,0.025170053,0.021864212
2015/01,-0.0009,0.0049,0.0081,0.0055,0.0044,0.0036,0.0028,0.0017,-0.0032,-0.0019,0.0027,0.0025,0.0089,0.0023,0.0016,0.0017,0.0029,0.0021,0.0019,0.0021,0.0009,0.0029,0.0021,0.0028,0.0085,0.010437487,0.006292155,0.051717462,-0.013448181,0.033165151,0.015093473,0.054804706,4.355552385,-19,14782649,51.948,33862.45,30424.074,2414.129,31676.782,50.98,3.3,2.81,3.08,0.062193066,0.043793913,-0.028404858,2678108.517,52.712,58.571,54.187,38.47596898,52.681,53.747,-0.001539921,-0.015858342,451598,5.4,2.21,0.004741461,-0.000289971,0.054054054
2015/02,0.0019,-0.0009,0.0049,0.0081,0.0055,0.0044,0.0036,0.0028,0.0017,-0.0032,-0.0019,0.0027,0.0025,-0.0003,0.0023,0.0016,0.0017,0.0029,0.0021,0.0019,0.0021,0.0009,0.0029,0.0021,0.0028,-0.002246065,-0.051098088,-0.196034913,-0.021542145,-0.164734144,-0.05831141,-0.178636506,5.227790335,-6,14794354,53.266,29817.479,26782.634,2075.895,24477.482,41.7,3.3,2.67,3.04,0.017266716,-0.006391862,-0.050016571,2848611.097,50.891,57.008,53.758,38.69143714,50.672,53.28,-0.004184883,-0.011877433,350067,6.1,1.88,-0.012699358,-0.036925272,0.048076923
2015/03,0.0041,0.0019,-0.0009,0.0049,0.0081,0.0055,0.0044,0.0036,0.0028,0.0017,-0.0032,-0.0019,0.0027,0.0034,-0.0003,0.0023,0.0016,0.0017,0.0029,0.0021,0.0019,0.0021,0.0009,0.0029,0.0021,0.000817308,-0.014904629,-0.059948115,-0.000555544,0.047976925,-0.020932656,-0.01804669,5.318052549,11,14884954,52.969,29125.93,26637.014,2098.179,27633.128,47.26,3.3,2.81,3.06,0.016421704,0.009172278,0.077066224,2937902.65,50.706,59.666,55.308,38.06250413,53.75,54.391,-0.003096607,0.009323886,341459,5.8,1.98,0.0266334,0.056379789,-0.027522936
2015/04,-0.0026,0.0041,0.0019,-0.0009,0.0049,0.0081,0.0055,0.0044,0.0036,0.0028,0.0017,-0.0032,-0.0019,0.0026,0.0034,-0.0003,0.0023,0.0016,0.0017,0.0029,0.0021,0.0019,0.0021,0.0009,0.0029,0.007742838,0.056764346,-0.133700801,0.059174478,-0.008711519,0.066039991,0.056943536,4.593224907,-3,14968530,53.863,33666.222,31082.162,2158.94,32018.532,47.36,3.3,3.04,3.08,0.019012248,-0.000839772,-0.014543792,2927337.765,50.55,58.954,54.631,37.49114261,53.834,54.726,0.00033298,0.019620962,392848,5.6,2.04,-0.001059139,-0.019664957,-0.025157233
2015/05,-0.005,-0.0026,0.0041,0.0019,-0.0009,0.0049,0.0081,0.0055,0.0044,0.0036,0.0028,0.0017,-0.0032,0.0016,0.0026,0.0034,-0.0003,0.0023,0.0016,0.0017,0.0029,0.0021,0.0019,0.0021,0.0009,0.001683747,-0.014901795,0.153872995,-0.019058655,0.077525763,-0.020102554,0.020990967,5.067140155,2,15024445,52.845,33041.33,30348.398,1898.428,31073.061,50.69,3.3,2.97,3.04,0.001480234,0.0073406,0.022260461,2978911.936,50.066,60.253,55.828,38.50521887,55.048,55.198,-0.021280784,-0.009101668,387352,5.1,1.94,0.007150226,0.003622495,0.031182796
2015/06,0.0017,-0.005,-0.0026,0.0041,0.0019,-0.0009,0.0049,0.0081,0.0055,0.0044,0.0036,0.0028,0.0017,0.0012,0.0016,0.0026,0.0034,-0.0003,0.0023,0.0016,0.0017,0.0029,0.0021,0.0019,0.0021,-0.001368871,0.011717097,0.171238829,0.005819018,-0.024137553,0.006712646,-0.024118793,5.495299523,0,15062413,53.253,32359.172,29951.402,2348.989,28895.716,54.06,3.3,2.98,3.02,0.002148094,0.021736814,0.007751714,3002655.919,49.841,58.26,54.741,37.84286442,52.705,55.648,0.001998855,0.002615699,409376,5.3,2.2,0.008153585,0.009537845,-0.054223149
2015/07,0.0015,0.0017,-0.005,-0.0026,0.0041,0.0019,-0.0009,0.0049,0.0081,0.0055,0.0044,0.0036,0.0028,0.0021,0.0012,0.0016,0.0026,0.0034,-0.0003,0.0023,0.0016,0.0017,0.0029,0.0021,0.0019,0.00401206,0.016801434,-0.042353162,0.00580383,-0.033926442,0.027271153,0.045773153,5.04287484,-5,15146453,53.846,34590.363,31704.371,2230.509,31531.322,53.87,3.3,2.96,3.1,0.013155911,0.009069312,0.006145012,2982488.197,50.327,58.708,55.462,38.03169156,53.724,56.969,0.023988843,0.013303895,397752,5.5,2.36,-0.005994414,-0.021718672,0.059536935
2015/08,0.0021,0.0015,0.0017,-0.005,-0.0026,0.0041,0.0019,-0.0009,0.0049,0.0081,0.0055,0.0044,0.0036,0.0017,0.0021,0.0012,0.0016,0.0026,0.0034,-0.0003,0.0023,0.0016,0.0017,0.0029,0.0021,0.005655706,0.006748667,-0.072543261,0.028536128,0.123870329,-0.001689774,0.05895254,5.399627453,0,15187532,53.09,35073.02,31869.807,2059.437,30635.507,46.56,3.3,2.99,3.1,0.027943479,0.017711653,-0.00812994,3019587.706,50.312,58.657,55.419,39.11192224,53.302,54.27,-0.011872539,-0.033996759,406393,5.6,2.32,-0.002448454,0.003992811,-0.031217482
2015/09,0.0037,0.0021,0.0015,0.0017,-0.005,-0.0026,0.0041,0.0019,-0.0009,0.0049,0.0081,0.0055,0.0044,0.002,0.0017,0.0021,0.0012,0.0016,0.0026,0.0034,-0.0003,0.0023,0.0016,0.0017,0.0029,0.003245282,-0.024293417,-0.171128326,-0.012072274,-0.034168681,-0.023856793,-0.021974131,5.422649506,-2,15249519,52.747,33831.912,30095.665,1908.181,29101.607,39.71,3.32,3.04,3.08,0.037757819,0.035989802,-0.025093727,3066873.38,50.347,57.913,55.627,38.13188419,51.732,55.221,0.022005164,0.030344168,404729,5.2,2.17,-0.025918683,-0.06567791,-0.012889366
2015/10,0.0051,0.0037,0.0021,0.0015,0.0017,-0.005,-0.0026,0.0041,0.0019,-0.0009,0.0049,0.0081,0.0055,0.0037,0.002,0.0017,0.0021,0.0012,0.0016,0.0026,0.0034,-0.0003,0.0023,0.0016,0.0017,0.003668901,0.016835483,-0.075785232,0.012354618,0.068669769,0.023927801,0.022541479,5.356391594,0,15344056,53.231,33663.061,31009.821,1790.287,30396.895,37.93,3.33,3.1,3.06,0.021179039,0.020336661,-0.028556582,3113233.95,49.288,58.375,54.677,37.3835572,52.641,54.742,-0.021039009,-0.010745511,382020,4.9,2.17,-0.046799055,-0.014721873,-0.051142546
2015/11,0.0055,0.0051,0.0037,0.0021,0.0015,0.0017,-0.005,-0.0026,0.0041,0.0019,-0.0009,0.0049,0.0081,0.0025,0.0037,0.002,0.0017,0.0021,0.0012,0.0016,0.0026,0.0034,-0.0003,0.0023,0.0016,-0.000804139,0.018865572,0.156617327,0.017432197,-0.07997668,0.014000456,0.003650364,5.350742893,8,15460720,52.712,35600.923,32990.273,1827.034,32273.56,37.46,3.31,3.02,3.04,-0.013969068,-0.016311235,0.039458448,3049788.219,48.808,58.108,55.277,37.44901186,52.5,54.628,-0.009771322,0.006163544,392545,4.8,2.07,0.041354787,0.084670455,0.032110092
2015/12,0.0041,0.0055,0.0051,0.0037,0.0021,0.0015,0.0017,-0.005,-0.0026,0.0041,0.0019,-0.0009,0.0049,0.0004,0.0025,0.0037,0.002,0.0017,0.0021,0.0012,0.0016,0.0026,0.0034,-0.0003,0.0023,0.001283305,-0.005864334,0.357778172,-0.046989486,0.025984952,0.002369809,0.030235349,4.353497174,3,15547671,52.858,32595.256,30279.61,1521.593,29459.729,34.28,3.32,3.02,3.07,0.001975666,-0.022653661,-0.030531707,2901100.592,50.585,59.227,55.305,37.81307911,53.814,55.184,-0.012993496,-0.016140084,396490,4.8,2.26,0.027559967,0.003192338,0.014444444
2016/01,0.0038,0.0041,0.0055,0.0051,0.0037,0.0021,0.0015,0.0017,-0.005,-0.0026,0.0041,0.0019,-0.0009,0.0031,0.0004,0.0025,0.0037,0.002,0.0017,0.0021,0.0012,0.0016,0.0026,0.0034,-0.0003,0.00377103,0.008144168,0.156960505,-0.008757801,0.040127906,0.008527852,0.036371157,4.875864687,-10,15381186,51.706,31889.184,29214.907,1182.134,29959.941,27.69,3.42,3.14,3.24,0.022068194,0.01805065,-0.014174855,2851150.351,50.774,57.547,54.134,38.18293526,51.964,53.167,-0.007234572,-0.018527702,464962,4.8,2.24,-0.012754371,-0.016642054,0.014238773
2016/02,0.0044,0.0038,0.0041,0.0055,0.0051,0.0037,0.0021,0.0015,0.0017,-0.005,-0.0026,0.0041,0.0019,0.0019,0.0031,0.0004,0.0025,0.0037,0.002,0.0017,0.0021,0.0012,0.0016,0.0026,0.0034,0.008746533,-0.059231076,-0.230955677,-0.024040034,-0.134873652,-0.066955215,-0.189417936,4.808232491,1,15390602,52.17,27979.044,25863.195,1074.508,23613.357,23.91,3.56,3.08,3.28,0.057411231,0.049849062,0.011343706,3048455.79,50.603,56.579,53.06,38.36854021,50.09,52.661,0.010639191,-0.000114738,351890,5.3,2.09,-0.065957354,-0.055020289,-0.006479482
2016/03,0.0015,0.0044,0.0038,0.0041,0.0055,0.0051,0.0037,0.0021,0.0015,0.0017,-0.005,-0.0026,0.0041,0.0036,0.0019,0.0031,0.0004,0.0025,0.0037,0.002,0.0017,0.0021,0.0012,0.0016,0.0026,0.009031075,0.010789691,-0.106952258,0.015965671,0.070692944,0.014829428,0.056961942,4.818851677,11,15491741,52.647,29751.151,27902.629,1127.535,27839.465,24.48,3.75,3.36,3.48,0.028128824,0.037003123,-0.002439146,3190908.005,49.048,58.097,54.388,38.18152108,52.808,53.314,-0.006885267,0.010154492,363687,5.2,1.78,-0.007390498,0.00304854,-0.00326087
2016/04,-0.0032,0.0015,0.0044,0.0038,0.0041,0.0055,0.0051,0.0037,0.0021,0.0015,0.0017,-0.005,-0.0026,0.0036,0.0036,0.0019,0.0031,0.0004,0.0025,0.0037,0.002,0.0017,0.0021,0.0012,0.0016,0.000706005,0.015104983,-0.199603802,0.017747395,-0.035286525,0.025026036,-0.018907229,4.32985897,2,15533030,52.659,31408.485,29369.041,1275.511,30218.099,29.44,4.06,3.8,3.79,-0.040327424,-0.03300334,0.048008275,3186806.177,48.303,57.353,54.036,36.73208356,50.566,53.286,-0.00878823,0.007328059,405310,5.1,1.89,0.061717312,0.070753309,-0.007633588
2016/05,-0.0045,-0.0032,0.0015,0.0044,0.0038,0.0041,0.0055,0.0051,0.0037,0.0021,0.0015,0.0017,-0.005,0.0022,0.0036,0.0036,0.0019,0.0031,0.0004,0.0025,0.0037,0.002,0.0017,0.0021,0.0012,0.002568521,0.017246439,0.293846996,0.016029506,0.071953129,0.006384788,0.053479124,4.488612912,8,15611267,53.058,32497.219,30009.969,1325.95,29061.325,32.28,4.06,3.74,3.76,-0.013862659,0.006799665,0.001071021,3062800.785,48.542,57.56,53.908,36.81443242,51.678,52.506,-0.004645448,0.001983393,395119,4.7,1.81,0.026499685,0.00500697,-0.021978022
2016/06,0.0011,-0.0045,-0.0032,0.0015,0.0044,0.0038,0.0041,0.0055,0.0051,0.0037,0.0021,0.0015,0.0017,0.0021,0.0022,0.0036,0.0036,0.0019,0.0031,0.0004,0.0025,0.0037,0.002,0.0017,0.0021,0.007280343,0.0026277,0.075786279,-0.007688247,-0.014371677,0.004972723,-0.041606748,5.05405904,3,15666289,52.872,31854.21,29459.229,1689.567,29721.254,37.27,4.08,3.81,3.8,0.031333608,0.039468224,-0.002658001,3056916.319,50.143,57.847,55.124,36.71385824,51.591,53.564,-0.000358933,-0.004820816,413405,4.5,1.81,-0.004810463,0.000762909,0.064044944
2016/07,0.0026,0.0011,-0.0045,-0.0032,0.0015,0.0044,0.0038,0.0041,0.0055,0.0051,0.0037,0.0021,0.0015,0.0025,0.0021,0.0022,0.0036,0.0036,0.0019,0.0031,0.0004,0.0025,0.0037,0.002,0.0017,0.009537625,0.014417587,0.118851263,0.004468605,-0.033450786,0.014380149,0.031076799,4.550047628,3,15760953,52.995,32467.942,29875.928,1611.923,30337.981,40.05,4.1,3.81,3.83,0.033624345,0.037061681,0.010039631,3258155.215,50.248,58.561,55.442,37.48480388,52.742,54.046,0.033695986,0.021644498,410397,5.1,1.64,0.008879186,0.008027536,-0.012671595
2016/08,0.0028,0.0026,0.0011,-0.0045,-0.0032,0.0015,0.0044,0.0038,0.0041,0.0055,0.0051,0.0037,0.0021,0.0017,0.0025,0.0021,0.0022,0.0036,0.0036,0.0019,0.0031,0.0004,0.0025,0.0037,0.002,0.004710394,-0.020410037,-0.147433504,-0.006352648,0.029917506,-0.020704529,-0.013210519,4.562146521,0,15782822,52.232,31599.262,28602.394,1617.648,28155.362,38.75,4.56,4.21,4.27,-0.004140054,-0.014290534,0.012462168,3275783.298,50.375,58.961,54.947,38.349095,53.766,51.994,-0.01592152,-0.03861399,406139,5.1,1.5,0.031196749,0.028012039,-0.037433155
2016/09,0.0061,0.0028,0.0026,0.0011,-0.0045,-0.0032,0.0015,0.0044,0.0038,0.0041,0.0055,0.0051,0.0037,0.0019,0.0017,0.0025,0.0021,0.0022,0.0036,0.0036,0.0019,0.0031,0.0004,0.0025,0.0037,0.003262153,0.015624502,-0.061699728,0.018207445,-0.016335734,0.018346619,0.068480445,4.858604684,-1,15860849,53.219,34332.06,31542.54,1762.087,30684.217,38.4,4.59,4.24,4.29,-0.00505657,0.00225408,0.016009841,3332013.748,50.066,57.828,54.272,36.50604111,52.263,52.705,0.023495556,0.029413131,416795,5,1.56,0.013299896,-0.001701653,-0.002222222
2016/10,0.0061,0.0061,0.0028,0.0026,0.0011,-0.0045,-0.0032,0.0015,0.0044,0.0038,0.0041,0.0055,0.0051,0.0048,0.0019,0.0017,0.0025,0.0021,0.0022,0.0036,0.0036,0.0019,0.0031,0.0004,0.0025,0.012206067,-0.011786516,-0.167444377,-0.019867683,0.047169503,0.001046137,-0.009665244,5.322372592,4,15985920,52.399,34229.627,31155.99,1886.232,30814.94,37.76,4.61,4.28,4.33,0.035862741,0.029419405,-0.012247662,3324130.631,49.808,59.568,55.431,35.6554369,53.937,51.33,-0.013694391,0.002647203,394442,4.8,1.63,-0.00908904,-0.005039227,0.0155902
2016/11,0.0078,0.0061,0.0061,0.0028,0.0026,0.0011,-0.0045,-0.0032,0.0015,0.0044,0.0038,0.0041,0.0055,0.0028,0.0048,0.0019,0.0017,0.0025,0.0021,0.0022,0.0036,0.0036,0.0019,0.0031,0.0004,0.00203459,0.020146692,0.162999249,0.022982248,-0.005570083,0.012402825,0.021725185,4.378630916,5,16109315,52.767,33495.421,30581.776,1932.789,30663.59,41.35,5.11,4.69,4.77,-0.009958931,-0.025975678,0.010029547,3407188.063,49.651,57.992,54.906,34.75499425,52.382,53.969,-0.005216776,0.006801143,397354,4.7,1.76,-0.006798935,-0.009052211,-0.043859649
2016/12,0.0046,0.0078,0.0061,0.0061,0.0028,0.0026,0.0011,-0.0045,-0.0032,0.0015,0.0044,0.0038,0.0041,0.0022,0.0028,0.0048,0.0019,0.0017,0.0025,0.0021,0.0022,0.0036,0.0036,0.0019,0.0031,0.012238529,0.032660646,0.385271226,-0.003810747,0.069701719,0.037280492,0.062387437,4.316144056,8,16205667,51.331,34267.067,31398.724,1700.447,32644.165,39.05,5.34,5.15,5,0.05248575,0.027132261,-0.064051441,3307053.823,49.055,58.74,55.029,35.03189643,53.081,52.766,-0.009228738,-0.014258818,414458,4.4,2.14,0.010249439,0.054080885,0.075688073
2017/01,0.017,0.0046,0.0078,0.0061,0.0061,0.0028,0.0026,0.0011,-0.0045,-0.0032,0.0015,0.0044,0.0038,0.0045,0.0022,0.0028,0.0048,0.0019,0.0017,0.0025,0.0021,0.0022,0.0036,0.0036,0.0019,0.009778519,-0.010500002,0.095222769,-0.033755226,-0.014613913,-0.004025803,0.03895203,4.033903616,-12,16030947,51.698,33206.048,29760.267,1820.596,31375.063,42.8,5.84,5.61,5.57,0.028642347,0.005159835,0.003268755,3569566.411,47.92,57.023,53.702,34.87517796,51.595,51.941,0.011583263,-0.010976496,482778,4.5,2.49,0.037710795,0.033415101,0.046908316
2017/02,0.0058,0.017,0.0046,0.0078,0.0061,0.0061,0.0028,0.0026,0.0011,-0.0045,-0.0032,0.0015,0.0044,0.0058,0.0045,0.0022,0.0028,0.0048,0.0019,0.0017,0.0025,0.0021,0.0022,0.0036,0.0036,0.02077043,-0.04643111,-0.13598734,-0.004755016,-0.133287661,-0.063245419,-0.187267768,4.020197443,-2,16046797,51.586,30788.434,27412.402,1875.009,25441.166,45.38,6.13,5.83,5.77,0.041898829,0.022241471,0.012540994,3640180.734,47.901,55.319,52.822,35.47841872,49.457,51.591,0.000113006,-0.002016879,368658,5.1,2.43,0.012679865,0.005135562,0.00305499
2017/03,0.0061,0.0058,0.017,0.0046,0.0078,0.0061,0.0061,0.0028,0.0026,0.0011,-0.0045,-0.0032,0.0015,0.0076,0.0058,0.0045,0.0022,0.0028,0.0048,0.0019,0.0017,0.0025,0.0021,0.0022,0.0036,0.005822129,-0.019098573,-0.234480551,-0.009706882,0.058129354,-0.010431003,-0.008183555,3.596120566,8,16141919,51.822,30586.757,27536.168,1891.857,29454.116,44.75,6.44,6.06,6.14,-0.046413265,-0.043258723,-0.008797253,3637816.046,43.596,58.159,53.456,28.66787248,54.113,53.021,-0.004340499,0.016004803,365236,4.9,2.42,0.024084278,0.047731833,-0.022335025
2017/04,0.0012,0.0061,0.0058,0.017,0.0046,0.0078,0.0061,0.0061,0.0028,0.0026,0.0011,-0.0045,-0.0032,0.0057,0.0076,0.0058,0.0045,0.0022,0.0028,0.0048,0.0019,0.0017,0.0025,0.0021,0.0022,0.000572784,0.070243585,-0.119423859,0.088893303,0.008806539,0.068884966,0.075065057,3.676403604,18,16255010,51.987,36110.316,32676.312,1721.941,34326.485,42.16,6.63,6.32,6.31,-0.047813671,-0.05150731,0.029637472,3499870.641,43.559,56.891,53.442,31.5156096,51.238,54.093,0.012432569,0.012184462,422916,4.6,2.48,0.015842517,-0.00716023,0.00623053
2017/05,-0.0012,0.0012,0.0061,0.0058,0.017,0.0046,0.0078,0.0061,0.0061,0.0028,0.0026,0.0011,-0.0045,0.0045,0.0057,0.0076,0.0058,0.0045,0.0022,0.0028,0.0048,0.0019,0.0017,0.0025,0.0021,-0.003851903,-0.056403555,0.22991981,-0.075778224,-0.053780964,-0.056762216,-0.100989674,4.086620995,7,16285224,51.581,30869.68,27998.936,1679.204,30089.75,43.49,6.87,6.5,6.57,-0.033405989,-0.024437681,0.013581906,3287906.69,47.192,60.175,56.106,33.79512537,54.87,55.38,-0.014272434,-0.003292129,407457,4.1,2.3,-0.003174172,0.013419496,0.001031992
2017/06,0.0025,-0.0012,0.0012,0.0061,0.0058,0.017,0.0046,0.0078,0.0061,0.0061,0.0028,0.0026,0.0011,0.0028,0.0045,0.0057,0.0076,0.0058,0.0045,0.0022,0.0028,0.0048,0.0019,0.0017,0.0025,0.001283043,0.052055445,0.075722059,0.048135623,0.022882507,0.053074831,0.089666087,4.11258126,16,16349612,52.605,36546.951,33601.509,1630.558,33711.784,43.88,6.98,6.56,6.63,0.001482003,0.010683892,-0.008413567,3318093.467,48.173,55.852,53.461,34.93450073,50.287,53.196,0.013078232,0.009193635,435053,4.1,2.3,0.015274145,0.00325398,0.001030928
2017/07,0.0038,0.0025,-0.0012,0.0012,0.0061,0.0058,0.017,0.0046,0.0078,0.0061,0.0061,0.0028,0.0026,0.003,0.0028,0.0045,0.0057,0.0076,0.0058,0.0045,0.0022,0.0028,0.0048,0.0019,0.0017,-0.003648451,0.007371442,0.160824553,-0.001768418,0.013187253,0.004146868,0.016061712,3.818345984,10,16448430,52.567,35548.917,32448.292,1780.551,33767.335,41.3,7.21,6.82,6.85,-0.031730739,-0.026707837,0.01934925,3269863.523,49.104,59.552,55.809,35.87327868,53.996,55.015,0.028455643,0.018795348,423705,4.5,2.19,0.016131092,0.016230457,-0.021627188
2017/08,0.0049,0.0038,0.0025,-0.0012,0.0012,0.0061,0.0058,0.017,0.0046,0.0078,0.0061,0.0061,0.0028,0.0027,0.003,0.0028,0.0045,0.0057,0.0076,0.0058,0.0045,0.0022,0.0028,0.0048,0.0019,-0.002517535,-0.033899799,-0.156028025,-0.018091734,0.006521625,-0.035234358,-0.014917008,4.086358954,4,16474863,52.712,33687.183,30553.614,1940.723,30214.433,44.1,7.37,6.99,7.06,-0.018625516,-0.014657557,0.019299208,3147326.854,49.876,57.306,55.353,36.01035704,48.864,55.369,-0.016118136,-0.038681203,417371,4.6,2.32,0.008265064,0.025362969,-0.016842105
2017/09,0.0031,0.0049,0.0038,0.0025,-0.0012,0.0012,0.0061,0.0058,0.017,0.0046,0.0078,0.0061,0.0061,0.0025,0.0027,0.003,0.0028,0.0045,0.0057,0.0076,0.0058,0.0045,0.0022,0.0028,0.0048,0.000577829,0.028041847,-0.151740362,0.031728108,0.007328178,0.036042036,0.0502977,4.427518264,3,16561724,52.149,38513.13,34482.471,1850.193,34076.714,45.85,7.38,6.94,7.04,-0.002436797,0.007544506,-0.001042883,3096773.403,51.207,55.521,53.908,36.48862729,48.264,52.753,0.015499532,0.026791569,432404,4.5,2.21,0.000864081,0.002602882,0.03640257
2017/10,0.0063,0.0031,0.0049,0.0038,0.0025,-0.0012,0.0012,0.0061,0.0058,0.017,0.0046,0.0078,0.0061,0.0028,0.0025,0.0027,0.003,0.0028,0.0045,0.0057,0.0076,0.0058,0.0045,0.0022,0.0028,0.001365721,-0.035083897,-0.097764847,-0.040006619,0.06560288,-0.029253211,-0.012565402,4.436079092,0,16664966,52.05,35706.801,32085.508,1929.871,31841.447,48.3,7.38,6.99,7.04,-0.00048855,0.003782935,-0.019946427,3085457.251,50.548,59.448,54.872,36.50550083,54.106,52.39,-0.013757196,-0.003795274,413093,4.1,2.2,0.014908238,0.020821392,-0.017561983
2017/11,0.0103,0.0063,0.0031,0.0049,0.0038,0.0025,-0.0012,0.0012,0.0061,0.0058,0.017,0.0046,0.0078,0.0025,0.0028,0.0025,0.0027,0.003,0.0028,0.0045,0.0057,0.0076,0.0058,0.0045,0.0022,0.009383571,0.038499685,0.162492514,0.034556533,-0.028069344,0.035461719,0.003470224,4.150129206,8,16785900,51.824,38969.493,34887.18,2279.544,34436.085,49.43,7.38,7.03,7.04,0.052002629,0.035809285,-0.040214379,3142073.633,50.887,54.595,52.841,36.78794769,50.815,52.488,0.009673372,0.017807032,418517,3.9,2.36,0.025736207,0.043389694,0.058885384
2017/12,0.0059,0.0103,0.0063,0.0031,0.0049,0.0038,0.0025,-0.0012,0.0012,0.0061,0.0058,0.017,0.0046,0.0034,0.0025,0.0028,0.0025,0.0027,0.003,0.0028,0.0045,0.0057,0.0076,0.0058,0.0045,0.011464827,0.03348434,0.505432852,-0.012172976,0.002551986,0.03737834,0.032408144,3.960972034,-4,16872343,51.188,37082.913,33106.355,2482.094,35025.479,53.68,7.38,7.02,7.03,0.013474181,0.002544891,-0.041411014,3310398.739,50.387,58.334,53.776,36.43698324,53.483,52.502,-0.000738577,-0.011859085,443513,3.9,2.35,0.014316965,0.038289807,-0.021847071
2018/01,0.0053,0.0059,0.0103,0.0063,0.0031,0.0049,0.0038,0.0025,-0.0012,0.0012,0.0061,0.0058,0.017,0.0042,0.0034,0.0025,0.0028,0.0025,0.0027,0.003,0.0028,0.0045,0.0057,0.0076,0.0058,0.004613285,-0.019419787,-0.006619276,-0.035305176,0.088803214,-0.011453857,0.068486657,3.503677232,-7,16675503,50.798,35984.012,31595.54,2663.613,33322.621,54.31,7.51,7.17,7.22,0.004505454,0.005393204,0.041871776,3212125.729,50.338,55.729,53.615,36.71679347,51.71,54.619,0.006883968,-0.014094781,498971,3.9,2.4,0.02727276,0.018410661,-0.026395939
2018/02,0.0038,0.0053,0.0059,0.0103,0.0063,0.0031,0.0049,0.0038,0.0025,-0.0012,0.0012,0.0061,0.0058,0.0028,0.0042,0.0034,0.0025,0.0028,0.0025,0.0027,0.003,0.0028,0.0045,0.0057,0.0076,0.008408239,-0.034068416,-0.127900141,0.005563187,-0.137696476,-0.049024174,-0.146806208,3.982565688,4,16713722,51.629,35140.478,31265.687,2313.65,28404.877,57.71,7.64,7.25,7.3,-0.003147541,0.000613996,0.016920404,3397785.1,50.222,52.882,51.928,36.31546277,50.91,52.418,-0.001579988,-0.011690773,390689,4.5,2.58,0.047089818,0.057856599,-0.002085506
2018/03,0.0032,0.0038,0.0053,0.0059,0.0103,0.0063,0.0031,0.0049,0.0038,0.0025,-0.0012,0.0012,0.0061,0.0049,0.0028,0.0042,0.0034,0.0025,0.0028,0.0025,0.0027,0.003,0.0028,0.0045,0.0057,0.00446131,-0.021497707,-0.177650448,-0.015630101,0.06864919,-0.014758963,-0.005522299,3.857255971,1,16836378,52.614,34149.86,30218.765,2598.853,32494.94,56.59,7.78,7.4,7.49,-0.019697408,-0.023407073,-0.063387218,3222811.658,50.144,58.723,53.499,34.80184721,53.72,52.132,0.001081665,0.026769589,381932,4.4,2.86,-0.030342114,-0.042838093,0.041797283
2018/04,-0.0034,0.0032,0.0038,0.0053,0.0059,0.0103,0.0063,0.0031,0.0049,0.0038,0.0025,-0.0012,0.0012,0.0033,0.0049,0.0028,0.0042,0.0034,0.0025,0.0028,0.0025,0.0027,0.003,0.0028,0.0045,0.004447664,0.038403535,-0.154485076,0.04163102,-0.060950189,0.046978368,0.008018762,3.566161664,6,16897240,52.115,37734.615,33464.826,2456.376,37027.89,57.31,7.83,7.47,7.57,0.00299009,0.001310319,-0.030814913,3256056.558,51.009,56.187,53.702,34.18933918,53.726,54.069,0.009275907,0.013160857,446512,4.1,2.84,-0.000880339,-0.037000384,0.017051153
2018/05,-0.0016,-0.0034,0.0032,0.0038,0.0053,0.0059,0.0103,0.0063,0.0031,0.0049,0.0038,0.0025,-0.0012,0.0015,0.0033,0.0049,0.0028,0.0042,0.0034,0.0025,0.0028,0.0025,0.0027,0.003,0.0028,-0.000414608,-0.000602198,0.24032664,-0.00432464,0.040729527,-0.008994017,0.022693314,4.137289689,10,16978714,52.48,37471.965,33201.919,2626.302,34555.392,58.99,7.84,7.46,7.54,-0.01806368,-0.017601392,0.051985366,3165096.563,51.97,58.517,53.937,34.33672644,54.832,51.718,-0.004603714,0.00515927,421678,3.7,2.87,-0.018184493,0.002490965,-0.025641026
2018/06,0.0039,-0.0016,-0.0034,0.0032,0.0038,0.0053,0.0059,0.0103,0.0063,0.0031,0.0049,0.0038,0.0025,0.0026,0.0015,0.0033,0.0049,0.0028,0.0042,0.0034,0.0025,0.0028,0.0025,0.0027,0.003,0.014842736,0.031452773,0.123776254,0.027470996,-1.40E-06,0.028696177,0.02836606,3.841671709,6,17030670,52.459,40766.241,36308.497,2827.055,36386.857,62.73,7.85,7.51,7.58,0.062301051,0.046276228,-0.074921746,3252442.06,52.008,56.831,54.189,35.61158466,52.403,53.372,-0.005103325,-0.009746277,465377,3.6,2.98,0.018038869,0.01045766,-0.008097166
2018/07,0.0054,0.0039,-0.0016,-0.0034,0.0032,0.0038,0.0053,0.0059,0.0103,0.0063,0.0031,0.0049,0.0038,0.0023,0.0026,0.0015,0.0033,0.0049,0.0028,0.0042,0.0034,0.0025,0.0028,0.0025,0.0027,0.010905293,-0.007361393,0.024717114,-0.008919139,-0.018859055,-0.008382116,-0.009107966,4.03583455,0,17066113,51.334,38383.337,33680.436,2509.174,34974.334,64.59,7.93,7.64,7.64,0.042130594,0.033304619,0.063078566,3462047.166,50.967,58.295,55.154,36.64787483,54.348,54.308,0.032225924,0.02535697,445793,4.2,2.91,0.019566665,-0.005915422,0.002040816
2018/08,0.0058,0.0054,0.0039,-0.0016,-0.0034,0.0032,0.0038,0.0053,0.0059,0.0103,0.0063,0.0031,0.0049,0.0029,0.0023,0.0026,0.0015,0.0033,0.0049,0.0028,0.0042,0.0034,0.0025,0.0028,0.0025,-0.006575171,-0.010625491,-0.116357204,-0.002792637,0.038751273,-0.008598196,0.014995499,3.944031243,-1,17085693,52.441,39612.118,34698.534,2606.474,34135.738,66.34,8.1,7.73,7.81,-0.058757785,-0.066349391,0.037132643,3410740.036,49.936,55.952,54.552,37.14829957,50.843,51.931,-0.010853842,-0.032330184,443977,4.1,2.89,0.014264867,0.04712458,-0.00305499
2018/09,0.0042,0.0058,0.0054,0.0039,-0.0016,-0.0034,0.0032,0.0038,0.0053,0.0059,0.0103,0.0063,0.0031,0.0025,0.0029,0.0023,0.0026,0.0015,0.0033,0.0049,0.0028,0.0042,0.0034,0.0025,0.0028,-0.000656116,0.014860783,-0.175382492,0.019587413,-0.058973972,0.02259484,-0.004382108,4.511605437,2,17182201,51.664,42129.496,37177.673,2739.801,36805.406,64.16,8.11,7.73,7.8,-0.016121692,-0.024258284,-0.008807795,3230991.288,53.001,54.539,54.104,43.34108568,50.338,53.465,0.029106675,0.03438219,458781,3.9,2.89,0.022972547,0.021626043,-0.017364658
2018/10,0.0052,0.0042,0.0058,0.0054,0.0039,-0.0016,-0.0034,0.0032,0.0038,0.0053,0.0059,0.0103,0.0063,0.0032,0.0025,0.0029,0.0023,0.0026,0.0015,0.0033,0.0049,0.0028,0.0042,0.0034,0.0025,0.005868516,-0.035171886,-0.091398492,-0.029712292,0.063424035,-0.035821849,0.000301664,3.959363675,3,17281192,52.122,38001.683,33727.446,2767.986,34932.616,68.26,8.11,7.69,7.8,0.013025748,0.012062569,-0.005086028,3329625.23,53.226,58.53,54.209,43.00568631,54.247,54.028,-0.012046898,-0.002335428,420602,3.6,3,0.015284407,0.019006101,0.040540541
2018/11,0.0085,0.0052,0.0042,0.0058,0.0054,0.0039,-0.0016,-0.0034,0.0032,0.0038,0.0053,0.0059,0.0103,0.0031,0.0032,0.0025,0.0029,0.0023,0.0026,0.0015,0.0033,0.0049,0.0028,0.0042,0.0034,0.00370157,0.044758969,0.116441529,0.029056411,-0.008055056,0.050862221,0.043064632,3.673536058,18,17408758,51.909,44290.891,39073.704,2618.817,38737.253,71.29,8.12,7.69,7.81,0.000519579,-0.00335683,-0.116922843,3249696.151,52.794,54.585,53.502,42.1327041,49.671,53.461,-0.004992079,0.00201059,444271,3.5,3.15,-0.039991633,-0.050742092,-0.014985015
2018/12,0.007,0.0085,0.0052,0.0042,0.0058,0.0054,0.0039,-0.0016,-0.0034,0.0032,0.0038,0.0053,0.0059,0.0025,0.0031,0.0032,0.0025,0.0029,0.0023,0.0026,0.0015,0.0033,0.0049,0.0028,0.0042,0.01384466,0.016735456,0.601975837,-0.032802649,-0.054305246,0.018858397,-0.049766507,3.772287746,5,17480130,51.433,40928.716,36089.042,2309.218,36286.17,59.38,8.25,7.83,7.93,0.062222642,0.048376911,-0.058299217,3524352.049,52.278,58.543,54.272,42.53301247,53.071,53.05,-0.000454529,-0.014134783,463403,3.5,3.12,-0.022342863,0.01683007,-0.011156187
2019/01,0.0009,0.007,0.0085,0.0052,0.0042,0.0058,0.0054,0.0039,-0.0016,-0.0034,0.0032,0.0038,0.0053,0.0047,0.0025,0.0031,0.0032,0.0025,0.0029,0.0023,0.0026,0.0015,0.0033,0.0049,0.0028,0.003739127,-0.037858118,0.020376132,-0.047541053,0.098427666,-0.036707963,0.018119776,4.1277572,-7,17229742,49.821,35692.967,31634.237,2255.646,35341.901,51.71,8.41,8.02,8.18,-0.003580247,-0.010482791,-0.009161108,3535544.873,50.975,54.321,52.761,41.67504079,51.074,53.082,0.001653998,-0.009173519,500260,3.7,2.83,-0.05725634,-0.086575306,0.008205128
2019/02,-0.0003,0.0009,0.007,0.0085,0.0052,0.0042,0.0058,0.0054,0.0039,-0.0016,-0.0034,0.0032,0.0038,0.002,0.0047,0.0025,0.0031,0.0032,0.0025,0.0029,0.0023,0.0026,0.0015,0.0033,0.0049,-0.005344422,-0.016622439,-0.162949657,0.028338582,-0.066806214,-0.029747975,-0.054880362,4.028609994,9,17266442,51.876,37262.788,33131.662,2091.873,30545.346,53.76,8.59,7.95,8.26,-0.047681824,-0.040221538,0.055478205,3434883.181,51.004,52.738,51.531,44.8654385,50.749,53.789,-0.001757712,-0.010980844,402128,4.4,2.71,0.015612712,0.071684187,-0.072227874
2019/03,0.0039,-0.0003,0.0009,0.007,0.0085,0.0052,0.0042,0.0058,0.0054,0.0039,-0.0016,-0.0034,0.0032,0.0043,0.002,0.0047,0.0025,0.0031,0.0032,0.0025,0.0029,0.0023,0.0026,0.0015,0.0033,0.000213216,-0.026644405,-0.136346739,-0.023326561,-0.002230267,-0.021517917,-0.037770477,4.00804966,-2,17354643,50.937,35073.897,31515.176,2609.35,33828.457,56.82,8.56,7.93,8.26,-0.001311448,0.000261984,-0.026190862,3342686.437,52.962,58.343,54.115,45.92988304,55.108,53.362,-0.003677462,0.011409468,387672,4.1,2.68,0.056560089,0.036653684,0.028508772
2019/04,0.0005,0.0039,-0.0003,0.0009,0.007,0.0085,0.0052,0.0042,0.0058,0.0054,0.0039,-0.0016,-0.0034,0.0034,0.0043,0.002,0.0047,0.0025,0.0031,0.0032,0.0025,0.0029,0.0023,0.0026,0.0015,0.001788832,0.044198239,-0.181537233,0.06086206,-0.01400633,0.047521263,0.025868584,3.782735228,2,17399580,51.642,37530.886,33482.674,2343.538,36675.289,58.98,8.52,8.02,8.27,0.002277204,4.02063e-05,0.006804985,3384761.32,53.415,55.567,53.661,47.82614971,51.003,55.342,0.004053279,0.013094552,451740,3.9,2.57,0.017830134,0.000489273,0.049040512
2019/05,-0.0029,0.0005,0.0039,-0.0003,0.0009,0.007,0.0085,0.0052,0.0042,0.0058,0.0054,0.0039,-0.0016,0.0046,0.0034,0.0043,0.002,0.0047,0.0025,0.0031,0.0032,0.0025,0.0029,0.0023,0.0026,0.003235243,-0.02459993,0.182673531,-0.027645828,0.028683388,-0.031982219,-0.008647293,3.889660375,10,17433079,50.97,38076.401,33743.104,2258.808,37327.662,61.86,8.5,7.78,8.28,-0.010959816,-0.009610072,0.029859284,3423079.072,53.622,58.069,54.747,46.34106776,52.971,55.705,-0.021251435,-0.011435215,446483,3.3,2.53,0.035597991,0.025617579,-0.012195122
2019/06,0.0006,-0.0029,0.0005,0.0039,-0.0003,0.0009,0.007,0.0085,0.0052,0.0042,0.0058,0.0054,0.0039,0.0016,0.0046,0.0034,0.0043,0.002,0.0047,0.0025,0.0031,0.0032,0.0025,0.0029,0.0023,0.000790862,0.042010687,0.151951621,0.022867464,-0.048492808,0.047073332,0.003209955,4.416545963,-6,17473743,51.277,40792.86,36226.587,2569.872,39180.124,60.31,8.51,8.07,8.29,0.003427412,0.005828256,-0.038674008,3359856.402,53.358,54.724,53.352,45.48497389,50.339,55.035,0.004752889,0.000156126,479072,3.4,2.4,-0.016906843,-0.066855038,0.028806584
2019/07,0.0038,0.0006,-0.0029,0.0005,0.0039,-0.0003,0.0009,0.007,0.0085,0.0052,0.0042,0.0058,0.0054,0.003,0.0016,0.0046,0.0034,0.0043,0.002,0.0047,0.0025,0.0031,0.0032,0.0025,0.0029,0.004102357,-0.016403857,0.042697093,-0.011439659,0.00272194,-0.022679039,-0.025299609,4.133829606,-12,17507714,51.392,35382.744,31553.052,1953.591,35971.395,56.85,8.51,8.25,8.27,0.010629548,0.016436732,0.00899277,3493553.057,53.181,58.025,54.828,44.32354694,53.391,52.16,0.026151566,0.023207058,451733,3.8,2.07,0.012421627,0.071928959,-0.018
2019/08,-0.0002,0.0038,0.0006,-0.0029,0.0005,0.0039,-0.0003,0.0009,0.007,0.0085,0.0052,0.0042,0.0058,0.0026,0.003,0.0016,0.0046,0.0034,0.0043,0.002,0.0047,0.0025,0.0031,0.0032,0.0025,0.002140479,0.004399427,-0.107190848,0.008685007,-0.005070702,0.009013478,0.025594997,4.369012116,-9,17503677,50.626,40406.335,36320.655,2212.224,36903.569,57.78,8.48,8.14,8.28,-0.011627063,-0.015411965,-0.056786944,3435813.388,51.709,55.039,54.46,43.66584232,50.495,54.906,-0.01745261,-0.040528471,466814,4,2.06,0.036657976,0.009936481,0.00203666
2019/09,0.0026,-0.0002,0.0038,0.0006,-0.0029,0.0005,0.0039,-0.0003,0.0009,0.007,0.0085,0.0052,0.0042,0.002,0.0026,0.003,0.0016,0.0046,0.0034,0.0043,0.002,0.0047,0.0025,0.0031,0.0032,-0.005526951,-0.002800649,-0.216188146,0.010842653,0.006021432,0.001388506,0.019169078,4.510169365,11,17551307,50.743,39648.433,35814.712,1914.221,38136.92,49.51,8.37,8.01,8.16,0.027414,0.022963037,0.043227258,3399853.495,50.653,55.099,52.481,43.3176958,51.107,53.892,0.029607727,0.037696721,479296,3.8,1.63,-0.032914457,-0.017159967,-0.087398374
2019/10,0.0054,0.0026,-0.0002,0.0038,0.0006,-0.0029,0.0005,0.0039,-0.0003,0.0009,0.007,0.0085,0.0052,0.003,0.002,0.0026,0.003,0.0016,0.0046,0.0034,0.0043,0.002,0.0047,0.0025,0.0031,0.005161408,-0.025142311,-0.010416323,-0.035765494,-0.025049374,-0.019714142,-0.038873571,4.289735658,-1,17641816,50.571,37332.184,33817.184,1896.686,35283.897,55.1,8.2,7.72,8.07,0.001766243,-0.00505856,0.006480526,3620094.516,50.317,56.527,53.099,43.81921171,54.664,54.112,-0.01728931,-0.009473255,435427,3.3,1.7,0.029217557,0.019450235,0.037861915
2019/11,0.0081,0.0054,0.0026,-0.0002,0.0038,0.0006,-0.0029,0.0005,0.0039,-0.0003,0.0009,0.007,0.0085,0.0025,0.003,0.002,0.0026,0.003,0.0016,0.0046,0.0034,0.0043,0.002,0.0047,0.0025,-0.00264701,0.029106538,0.11330176,0.013698397,-0.0180824,0.034054522,0.041820559,4.289622715,0,17749105,50.98,41449.532,37383.009,1839.838,38922.286,50.6,8,7.66,7.78,-0.012948299,-0.011050468,0.002170685,3556320.913,51.014,53.131,52.462,45.29947349,50.491,54.514,-0.011721425,-0.003392023,460267,3.3,1.71,-0.001502531,0.004807401,0.024678112
2019/12,0.0056,0.0081,0.0054,0.0026,-0.0002,0.0038,0.0006,-0.0029,0.0005,0.0039,-0.0003,0.0009,0.007,0.0022,0.0025,0.003,0.002,0.0026,0.003,0.0016,0.0046,0.0034,0.0043,0.002,0.0047,0.001768223,0.022870559,0.462821658,-0.021895164,0.049336566,0.026645619,0.009619345,4.295591663,1,17805501,50.222,36697.66,33123.66,1864.357,35620.134,51.03,7.87,7.47,7.76,-0.003975199,-0.011684506,-0.01983871,3469444.774,50.226,55.364,53.112,44.0597359,51.27,50.712,0.003797879,-0.004949191,474437,3.3,1.81,0.042727723,0.037165254,0.013612565
2020/01,0.0048,0.0056,0.0081,0.0054,0.0026,-0.0002,0.0038,0.0006,-0.0029,0.0005,0.0039,-0.0003,0.0009,0.0041,0.0022,0.0025,0.003,0.002,0.0026,0.003,0.0016,0.0046,0.0034,0.0043,0.002,0.002771191,-0.025463311,0.013370199,-0.046528358,0.037181964,-0.017030819,0.014481434,3.56446826,-4,17556181,49.409,35587.869,31923.272,2239.707,36414.734,52.79,7.7,7.12,7.46,-0.005986596,-0.007180228,0.011190053,3528003.76,49.526,52.59,51.656,43.84072694,48.718,53.822,-0.000805586,-0.012079517,529345,3.4,1.86,0.023139206,0.017362051,0.025826446
2020/02,0.0042,0.0048,0.0056,0.0081,0.0054,0.0026,-0.0002,0.0038,0.0006,-0.0029,0.0005,0.0039,-0.0003,0.0033,0.0041,0.0022,0.0025,0.003,0.002,0.0026,0.003,0.0016,0.0046,0.0034,0.0043,-0.00277234,-0.020128623,-0.128116944,0.043349983,-0.092177033,-0.044924783,-0.093233158,4.353752006,-1,17583451,50.157,36062,31945.802,2207.843,31372.999,48.75,7.53,7.12,7.26,-0.019376773,-0.023833802,0.008146774,3412103.062,49.079,51.767,49.869,43.7573503,47.879,52.193,-0.005971642,-0.008851023,422359,4,1.76,0.031936208,-0.009895776,0.005035247
2020/03,-0.0005,0.0042,0.0048,0.0056,0.0081,0.0054,0.0026,-0.0002,0.0038,0.0006,-0.0029,0.0005,0.0039,0.0036,0.0033,0.0041,0.0022,0.0025,0.003,0.002,0.0026,0.003,0.0016,0.0046,0.0034,0.004566418,-0.029781799,-0.229764199,-0.026595241,-0.027053856,-0.018817308,-0.048366535,4.525315219,3,17653202,50.221,33715.379,30465.788,1494.771,34938.946,40.25,7.39,6.96,7.12,-0.002105711,-0.014105161,-0.06699149,3456351.756,48.445,55.73,52.699,44.1204541,53.752,50.412,0.008528315,0.018314884,418272,3.8,1.5,-0.000271077,-0.100745575,0.012024048